ingredient,skin_type,effect,confidence,strength_hint
ashwagandha,"wrinkle,sensitive",good,low,
beautyberry,,,,
blend of azelaic,,,,
avocado,dry,good,low,
complex of balloon vine,,,,
complex of cardiospermum,,,,
coq10,,,,
epimedium,,,,
glow plus complex (acerola seed,,,,
grapeseed,,,,
ha spheres,,,,
kombu-bounce complex (green,,,,
ligustrum lucidum seed,,,,
mango,,,,
matrixyl,,,,
meadowfoam,,,,
micro-exfoliating minerals (quartz,,,,
omega-3,,,,
omegas 3,,,,
organic agropyron,,,,
papaya,"oily,pigmentation",good,low,
pha,"oily,pigmentation",good,medium,
pre-,,,,
rhodiola,,,,
rosewood,,,,
shatavari,"dry,sensitive",good,low,
shilajit,,,,
sunflower,dry,good,low,
sunflower seed cake,,,,
thin layers of silk (fibroin,,,,
vitamins a,,,,
vitamins b,,,,
vitamins b3,,,,
volcanic,,,,
wild juneberry (from jackson hole,,,,
"1,10-decanediol",,neutral,low,
"1,2 hexanedio",,,,
"1,2-heanediol",,,,
"1,2-hexandiol",,neutral,low,
"1,2-hexanediol",,neutral,low,
"1,2-hexanidiol",,,,
1- -3-hexanol,,,,
bifidus prebiotic,,neutral,low,
100 percent natural dha,,neutral,low,
brazilian rose quartz,,,,
natural abaca leaf fiber,,,,
naturalizer pearlizers,,,,
vegan and natural tanning active,,,,
15 alkane-c13,,,,
15 super-greens complex,,,,
healthy fats,,,,
18 nutrients,,,,
2 g fruiting body tremella fuciformis 1,,,,
ultra filling spheres,,,,
emollients and almond milk,,,,
24k gold,,,,
24k gold and colloidal gold,,,,
txa,,,,
3) -maca,,,,
"3,7-dimethyl-1-octanol",,,,
3-methyl-4- -3-butene-2-one,,,,
4 isostearate,,,,
4-butylresorcinol,,,,
4-ethylresorcinol,,,,
4-terpineol,,neutral,low,
4-terpineol),,neutral,low,
4msk,,,,
5 chelated essential minerals,,,,
gransil blur,,,,
inactive,,,,
vitaglow-d,,,,
500 and 50 kda),,,,
skin barrier complex,,,,
6-naphthalate,,,,
6324f21a-9a5a-4f15-8a0a-5d08edd640f1,,,,
pore-shrinking complex,,,,
7) synergen skin complex,,,,
"7-methyl-2h-benzo-1,5-dioxepin-3 -one",,,,
9 jelly cleanser,,,,
pure fair trade aloe leaf juice,,,,
a 70 propellant,,,,
a plant-derived emollient,,,,
a-pinene,,,,
a70 propellant,,,,
abaca leaf,,,,
abyssinian,,,,
acceptance,,,,
acerola,,,,
acerola cherry,,,,
acetamidoethoxyethanol,,neutral,low,
acetate,,,,
acetyle glucosamine,,,,
acne scarring,,,,
acsorbyl palmitate,,,,
activated c,,neutral,low,
active,,neutral,low,
active microcapsules,,,,
acv,,,,
acétate de copyloryl vanilline,,,,
adaptogenic ashwagandha,,,,
adaptogenic mushrooms,,,,
adaptogenic reishi,,,,
adaptogenic schisandra,,,,
adaptogens,,,,
addressing uv-induced free-radical damage,,neutral,low,
adv timezone age rvr lw eye crm division,,,,
adv timezone age rvr n c lwcrspf15 division,,,,
adv timezone night age rvr lw crm division,,,,
advanced night repr eye sync cmpii division,,,,
advanced night repr sync rec cmp11 division,,,,
advanced night rp eye sr syn cmpii division,,,,
advanced night rpr cnc rcvr eyemsk division,,,,
advanced night rpr eye conc matrix division,,,,
advanced night rpr int rcv ampoule division,,,,
aegle marmelo,,,,
african leaf juice,,,,
agastache,,,,
agave tequilana,,,,
aid in tone management,,,,
airlicium,,,,
akita rice,,,,
alcool cétéarylique,,,,
alfalfa,,,,
alfalfa sprouts,,,,
algaprotein,,,,
all-mineral broad-spectrum spf 45,,,,
almond,,,,
aloe,"dry,sensitive",good,medium,
aloe barba- densis leaf juice powder,,,,
aloe barbedensis leaf juice,"dry,sensitive",good,medium,
aloe bio-ferment,,,,
aloe bioferment and ha complex,"dry,sensitive",good,medium,
aloe leaf juice,"dry,sensitive",good,medium,
aloe powder,,,,
aloe stem cells,,,,
alpha glucan,,,,
alpha olefin,,,,
alpha-galactosidase,,,,
alpha-hexylcinnamaldehyde,,,,
alpha-isomethyl ionine,,,,
alpine rose,,,,
aluminium hydroxide,,,,
aluminum,,,,
aluminum dimyristate,,,,
aluminum oxide crystals,,,,
aluminum powder,,neutral,low,
aluminum stearate,,neutral,low,
alumnia,,,,
amazonian buriti fruit,,,,
ambrettolide,,,,
amethyst powder,,neutral,low,
aminomethyl,,,,
aminomethyl porpanol,,,,
aminomethyl propanol,,neutral,low,
aminopropyl triethoxysilane,,,,
amla,,neutral,low,
amla superberry,,,,
ammonium,,,,
ammonium acryloyldimethyltaurate vp,,,,
ammonium gly- cyrrhizate,,,,
ammonium hydroxide,,neutral,low,
amomum subulatum roxb,,,,
amorphophallus konjac root powder,"oily,pigmentation",good,medium,
amorphous calcium phosphate,,,,
amount per serving,,,,
amt,,,,
amyl cinnamal,,neutral,low,
amylopectin,,neutral,low,
and -0 and vitamins b3,,,,
and 6,,,,
and 9,,,,
and 9),,,,
and absorption vs a standard,,,,
and aloe,"dry,sensitive",good,medium,
and apple skin,,,,
and b5,,,,
and beta glucan,,,,
and blue zones (ouessant island in france,,neutral,low,
and blueberry,,,,
and blueberry antioxidant complex,,,,
and boosts cell turnover for brighter-,,,,
and burdekin) hydrate,,,,
and c,,,,
and calcium),,,,
and calming; and effective in supporting healthy-,,,,
and celosia,,,,
and centella,,,,
and chicory root),,,,
and conditions lips for a soft,,,,
and contains high levels of calcium,,,,
and coq10,,,,
and create a light,,,,
and defends against oxidative stress caused by pollution,,,,
and deliver nourishing,,,,
and diminishes the look of fine lines,,,,
and discoloration,,,,
and dissipates prior to contact with skin,,,,
and e,,neutral,low,
and even the look of complexion aqua,,,,
and f,,neutral,low,
and ginger),,,,
and green),,,,
and grime,,,,
and haritaki ],,,,
and helichrysum empower cell turnover for a smooth,,,,
and hydrates for a brighter,,,,
and is rich in vitamins e and b,,,,
and it dissipates prior to contact with skin,,,,
and jasmine,,,,
and jujube),,,,
and keep skin balanced aqua,,,,
and known for its antioxidant properties aqua,,,,
and known for its exfoliating properties aqua,,,,
and lavender,,,,
and light-reflecting particles),,,,
and matrixyl synthe'6,,,,
and minimizes the appearance of skin discolorations,,,,
and moringa,,,,
and myrothamnus,,,,
and na-pca),,,,
and nasturtium flower,,,,
and nipplewort,,,,
and nisin,,,,
and oat milk,,,,
and olive leaf),,,,
and omega 3,,,,
and omegas 6 and 9 that deliver nutrition,,,,
and oxidized sebum for a clear,,,,
and pearl pigments for sheer,,,,
and pha,,,,
and pomegranate,,,,
and prep skin for a fresh,,neutral,low,
and provide a light,,,,
and quenches for healthy,,,,
and remains after cleansing,,,,
and retains moisture,,,,
and revealing newer,,,,
and reveals brighter,,neutral,low,
and safflower,,,,
and smooth tired,,,,
and smoother -vitamins a,,,,
and soothe aqua,,,,
and soothe the skin -silicon,,,,
and sterol esters,,,,
and stevia,,,,
and sugar beet,,,,
and sunflower,,,,
and suppleness,,,,
and terminalia chebula ],,,,
and tiger grass,,,,
and tighten skin -glucosamine,,,,
and vitamins aqua,,,,
and vitamins b1,,,,
and youthful aqua,,,,
animal ingredients,,,,
anisaldehyde,,,,
anogeissus,,,,
anti-pollution and blue-light ingredients,,,,
anti-pollution natural actives,,neutral,low,
antioxidant coq10,,,,
antioxidant fruit complex,,,,
antioxidant superfood complex,,,,
antioxidant-rich botanical complex,,,,
antioxidant-rich rose of winter,,,,
antioxidants,,neutral,low,
apigenin,,,,
appearance,,,,
apple cider vinegar,,,,
apple pectin,,,,
apricot seed powder,,neutral,low,
aqua gel activator,,,,
aqua in pool,,,,
aquamin,,,,
aquaxyl,,neutral,low,
arachidyl glucoside,,neutral,low,
arnica,,neutral,low,
aroma kit,,,,
aromatherapeutic benefits,,,,
aromol,,,,
arrowroot powder,,,,
artemisia flower,,,,
artemisia princeps leaf powder,,,,
artemisia vulgaris,,,,
artichoke leaf,,,,
ashwagandha and shiitake mushroom,,,,
ashwagandha root,,,,
asparagus racemosus,,,,
assists in post-practice recovery,,,,
atlantic sea kelp,,,,
attracts,,neutral,low,
aura radiance power,,,,
australian coastal flower blend,,,,
australian kakadu plum,,neutral,low,
aveena sativa kernel meal,,,,
avena sativa flour,,,,
avena sativa flour oat kernel flour,,neutral,low,
avena sativa kernel,,,,
avenasativa kernel protein,,,,
avocadin,,,,
avocado and mango hydra-blend,,,,
azelaic,,,,
açaí,,,,
aça�,,,,
b complex from organic blend of psidium guajava,,,,
b-complex,,,,
b12,,neutral,low,
b195 purity face mist,,,,
badi kateri,,,,
baicapil,,,,
bakuchi seed,,,,
bala,,,,
balance,,,,
balances,,,,
balances skin,,,,
bamboo,,,,
bamboo and diatomaceous earth,,,,
bamboo fibers,,,,
bamboo powder,,neutral,low,
bamboo powder and berry seeds,,,,
bamboo stem powder,,,,
bambusa arundiaceae,,,,
bambusa arundinacea stem powder,,neutral,low,
bambusoides juice,,,,
banana powder-inspired pigments,,,,
banyan,,neutral,low,
baobab,,neutral,low,
barbados cherry,,neutral,low,
barrier renewal complex,,,,
barrier support complex,,,,
base,,,,
bay leaf,,,,
beet root,,,,
beet root powder,,,,
beetroot juice powder,,,,
beheneth-25,,neutral,low,
beheneth-30,,neutral,low,
behenyl dimer dilinoleate,,,,
bel air,,,,
benzaldehyde,,neutral,low,
benzalkonium chloride,,neutral,low,
benzalkonium chloride rds product name,,,,
benzophenone-4,,neutral,low,
benzotriazolyl dodecyl p-cresol,,neutral,low,
benzyl acohol,,,,
benzyl cinnamate,,neutral,low,
benzyl salicylate,,neutral,low,
benzylidene dimethoxydimethylindanone,,neutral,low,
bergamot,,,,
beta glucanase,,,,
beta sitosterol,,,,
betalne,,,,
"bht,phenoxyethanol",,,,
bi-facil,,,,
bibhitaki,,,,
bio-cellulose mask,,,,
bioactive mushroom complex,,,,
bioavailable vitamins and folate,,,,
biocellulose microgranules,,,,
biomimetic emulsifier,,,,
biospheres,,,,
biotic balancing complex,,,,
bismuth oxychloride,,neutral,low,
bismuth oxychloride ],,,,
bitter cherry,,,,
black 2,,,,
black cardamom,,,,
black cumin seed,,,,
black pepper,,,,
black pine,,,,
black rose,,,,
black soybean,,,,
blackheads,,,,
blemishes,,,,
blend of vitamins c and e,,,,
blue 4,,,,
blue light,,neutral,low,
blue sea kale,,,,
blueberry,,,,
blurring effect around eyes for a firm,,,,
blurring microspheres,,,,
boerhavia diffusa,,,,
boerhavia diffusa],,,,
boost elasticity,,,,
boost moisture,,,,
boosted longoza,,,,
boosting skin’s elasticity,,,,
boosts firmness and elasticity,,,,
boosts the look of bounce and elasticity,,,,
borage and linseed,,,,
borago officinalis,,,,
borago officinalis seed oii,,,,
boreal chaga mushroom,,,,
boreal white pine,,,,
boron nitride,,neutral,low,
boswellia,,,,
botanical eye-contour complex,,,,
botanicals,,,,
brassica oleracea,,,,
brazilian micronized tourmaline gemstone powder,,,,
breakouts,,,,
bright,,,,
bright eyes eye gels,,,,
brighter,,,,
brighter-,,,,
brightness,,,,
broad-spectrum spf 45,,,,
broad-spectrum spf 50,,neutral,low,
broccoli,,,,
bronze powder,,neutral,low,
brown,,,,
brown sugar crystals,,,,
bukachiol,,,,
bumps,,,,
burdock 4,,,,
bursera graveolens,,,,
butane,,,,
butanediol,,,,
buteth-3,,neutral,low,
butlyene glycol,,,,
butyl methoxydibenzoylimethane,,,,
butyl-ene glycol,,,,
butylene,,neutral,low,
butylene gycol,,,,
butylene gylcol,,,,
butyloctyl,,,,
butylparaben,,neutral,low,
butylphenyl met hylpropional,,,,
butylphenyl methylpropional,,neutral,low,
butylphenyl methylpropionalc15,,,,
butyrospermun parkii,,,,
bétaïne,,,,
bêta-glucane,,,,
c 18-38 alkyl hydroxystearol stearate,,,,
c11-15-isoalkanes,,,,
c12-13 pareth-23,,,,
c12-13 pareth-3,,neutral,low,
c12-13 pareth-9,,,,
c12-20 alkyl gucoside,,,,
c13-14,,,,
c13-14 alkane,,,,
c13-15 alkane,,neutral,low,
c13-16 isoparaffin,,neutral,low,
c13-16 lsoalkane,,,,
c15-23 alkane,,neutral,low,
c18-21 alkane,,,,
c20-22 alkyl phosphate,"oily,pigmentation",good,medium,
c20-40 pareth-10,,,,
c20-40 pareth-3,,,,
c9-12 alkane,,neutral,low,
c9–12 alkane,,,,
cacay,,,,
calamine,,,,
calcite,,,,
calcium chloride,,neutral,low,
calcium clubonate,,,,
calcium stearate,,neutral,low,
calcium sulphate,,,,
calciumgluconate,,,,
calendula,sensitive,good,low,
calm,,,,
calming,,neutral,low,
calming redness,,,,
calms,,neutral,low,
calms problem skin,,neutral,low,
calms skin,,,,
calsium gluconate,,,,
camelia sinensis,,,,
camellia,,,,
camu camu,,,,
camu-camu,,,,
cananga,,,,
cannabis sativa flower,,,,
caprate,,,,
capryl glycol,,neutral,low,
caprylic capric glycerides,,neutral,low,
caprylic capric tri-glyceride,,neutral,low,
caprylic capric triglyceeride,,,,
caprylic capric triglycer-acid,,,,
caprylic caprylique,,,,
capryly glycol,,,,
caprylyl,,,,
caprylyl capric glucoside,,,,
caprylyl capryl glucoside,,neutral,low,
"caprylyl,",,,,
caprylylglycol,,,,
capsanthin capsorubin,,,,
capsule,,neutral,low,
caramel,,neutral,low,
carbomer,,neutral,low,
carbon dioxide,,,,
cardamom,,,,
cardamon,,,,
carmbomer,,,,
carmine,,neutral,low,
carnatine,,,,
carnitine,,neutral,low,
carrot,,,,
carrot root,,,,
cassia hydroxypropyltrimonium chloride,,,,
cassia hydroxypropyltrimoniumchloride,,,,
castor seed,,,,
castorylmaleate,,,,
caviar lime,,,,
cayenne,,,,
cayenne pepper,,,,
cbg,,,,
cedrus atlantica,,,,
cedrus dcodara,,,,
cellular hydro-lock,,,,
cellulase,,,,
cellulose,,neutral,low,
cellulose powder,,,,
celosia,,,,
centella,,,,
centella asiatica,"sensitive,wrinkle",good,low,
centella asiatica meristem cell culture,"sensitive,wrinkle",good,low,
centella asiatica phytotechnologies,,,,
centella asiaticameristem cell culture,,,,
centella rx,,,,
centrimonium chloride,,,,
cer-amidenp,,,,
cera carnauba,,,,
ceramiclinide ag,,,,
ceresin,,neutral,low,
cerium oxide,,,,
certified organic cultivation,,,,
ceteareth-12,,neutral,low,
ceteareth-20,,neutral,low,
ceteareth-25,,neutral,low,
cetearyl,,neutral,low,
cetearyl alco-hol,,,,
cetearyl alcoho,,,,
cetearyl glucoside,,neutral,low,
cetearyl isononanoate,,neutral,low,
cetearyl wheat straw glycosides,,neutral,low,
cetearylisononanoate,,,,
cetearylphosphate,,,,
ceteayl olivate,,,,
ceteth-10 phosphate,,,,
ceteth-2,,neutral,low,
ceteth-25,,neutral,low,
ceteth-5,,neutral,low,
cetheth-20 phosphate,,,,
cetrimonium bromide,,,,
cetrimonium chloride,,neutral,low,
cetyl,,,,
cetyl behenate,,neutral,low,
cetyl hydroxethylcellulose,,,,
cetyl lactate,,neutral,low,
cetyl octanoate,,,,
cetyl peg ppg-10 1 dimethi- cone,,,,
chaga mushroom,,,,
chamomilla,,,,
chemical exfoliants,,,,
chemical sunscreens,,,,
chia,,neutral,low,
chia seeds,,,,
chia),,,,
chickpea flour,,,,
chicory root juice,,,,
chlorhexidine gluconate,,,,
chloride,,,,
chloroxylenol,,neutral,low,
chloroxylenol rds product name,,,,
chlorphenesin,,neutral,low,
chlorphesin,,,,
chlorure de magnésium,,,,
chromium hydroxide green,,neutral,low,
chromium picolinate,,,,
chronocyclin,,,,
ci 14700,,neutral,low,
ci 15850,,neutral,low,
ci 15850 ],,,,
ci 15985,,neutral,low,
ci 15985 (yellow 6,,,,
ci 16035,,neutral,low,
ci 17200,,neutral,low,
ci 17200 falcon,,,,
ci 19140 yellow5,,,,
ci 42090 ],,,,
ci 42090 d202,,,,
ci 42090 marrakech,,,,
ci 45410,,neutral,low,
ci 45410 (red 27,,,,
ci 45410 red 27,,,,
ci 47000,,,,
ci 60725,,,,
ci 60730,,neutral,low,
ci 61565,,,,
ci 61570,,,,
ci 73360,,,,
ci 73360 taupe,,,,
ci 73360 the following types of styrene (bromostyrene,,,,
ci 75120,,,,
ci 75810,,neutral,low,
ci 77007,,neutral,low,
ci 77019,,,,
ci 77120,,neutral,low,
ci 77163,,,,
ci 77163 bismuth oxychloride,,,,
ci 77288,,neutral,low,
ci 77491,,neutral,low,
ci 77491 77492 77499,,neutral,low,
ci 77491 77499,,,,
ci 77491 ci 77492 ci 77499,,,,
ci 77491),,,,
ci 77492,,neutral,low,
ci 77492)],,,,
ci 77499,,neutral,low,
ci 77499 ],,,,
ci 77510,,,,
ci 77742,,neutral,low,
ci 77742 ],,,,
ci 77891,,neutral,low,
ci 77891 au naturel,,,,
ci 77891 cara cara,,,,
ci 77891 pink beet,,,,
ci 77891 sangria,,,,
ci 77947,,neutral,low,
ci15985 yellow 6 [s0372g],,,,
ci77491,,,,
ci77499,,,,
ci77891,,,,
cica,,neutral,low,
cicabond,,,,
cicapair foam face wash cleanser,,,,
cicapair sensitive skin serum face mask for redness,,,,
cicer arietinum seed powder,,neutral,low,
cinnamaldehyde,,,,
cinnamidopropyltrimonium chloride,,,,
cinnamomum tamala,,,,
cire d'abeille),,,,
cire de candelilla,,,,
cire de candelilla),,,,
cire de carnauba,,,,
cire de carnauba),,neutral,low,
cire d´abeille),,,,
citrannellol,,,,
citrate,,,,
citric,,,,
citronellal,,neutral,low,
citronellol,,neutral,low,
citronellol *plant origin,,,,
citronellyl methylcrotonate,,neutral,low,
citrullus vulgaris,,,,
citrus grandis,,,,
citrus junos peel,,,,
citrus tachibana,,,,
cl 77491,,,,
cl 77891,,,,
clarity,,neutral,low,
clary,,,,
cleanse pores,,,,
cleanses,,,,
clear,,,,
clear blemishes,,,,
clear buildup,,,,
clear clogged pores,,neutral,low,
clear vegetarian capsule,,,,
clearer,,,,
clove,,,,
clover,,,,
cn and e,,,,
coastal plants,,,,
coats,,,,
cobra saffron,,neutral,low,
cocamide mea,,neutral,low,
cocamide mipa,,neutral,low,
cocamidopropyl pg-dimonium chloride phosphate,"oily,pigmentation",good,medium,
coceth-7,,neutral,low,
coco caprylate,,,,
cocoa,,,,
cocoa powder,,,,
cocoa seeds,,,,
cococaprylate,,,,
cococaprylate caprate,,neutral,low,
cocos nucifera fruit powder,,,,
cocos nucifera liquid endosperm,,,,
cocoyl hydroxyethyl imidazoline,,,,
coffee,,,,
cold,,,,
colloidal gold,,neutral,low,
colloidal oat,,,,
colloidal silicon dioxide,,,,
colloidal silver,,neutral,low,
color,,,,
coloring,,,,
comfort,,neutral,low,
comfrey leaf,,,,
complex derived from meadowfoam seed,,,,
conchiolin powder,,neutral,low,
condition,,neutral,low,
condition skin,,,,
conditions,,neutral,low,
contains,,,,
contours,,,,
cooling encapsulation system,,,,
copper complex gluconate,,,,
copper powder,,,,
coral powder,,,,
coriandrum sativum,,,,
corn sugar,,,,
correct the look of dullness,,,,
corsica in france,,,,
cotton,,,,
cranberry,,,,
creating a natural-looking glow,,,,
crithmum maritimum callus culture filtrate,,,,
croscarmellose sodium,,,,
crow's feet,,,,
crow’s feet,,,,
cruelty-free,,,,
crushed almond shells,,,,
crushed amethyst gemstone,,,,
crème radiance,,,,
cucumis sativus fruit extact,,,,
curcuma longa,,,,
cure,,,,
curly hair,,,,
customized blend of white sugar crystals,,neutral,low,
customized power primers,,neutral,low,
cyamopsis tetragonoloba,,neutral,low,
cyperus rotundus,,,,
d and e and nourishing omegas 3,,neutral,low,
d&c red no 33,,,,
daikon radish,,,,
damask rose,,,,
dandelion leaf,,,,
dandelion root,,,,
dark circles,,neutral,low,
dark spots,,neutral,low,
date palm,,,,
daywear adv mt-prt ao&uv def spf50 division,,,,
daywear eye jelly division,,,,
dead skin,,,,
dead skin cells,,,,
debris,,neutral,low,
decanal,,,,
decyl glucoside,,neutral,low,
decyloleate,,,,
dehydrated,,,,
delivering a gentle,,,,
delivering smooth,,,,
delivers essential vitamins,,,,
delta-1- -2-buten-1-one,,,,
density,,,,
depuff,,neutral,low,
desert date,,,,
desert rose,,,,
diamond mineral powder,,,,
diamond powder,,neutral,low,
diatomaceous earth,,neutral,low,
dibutyl ethylhexanol glutamide,,,,
dicalcium phosphate,"oily,pigmentation",good,medium,
dicaprylate dicaprate,,,,
dicaprylylcarbonate,,,,
dicetyl phosphate,"oily,pigmentation",good,medium,
dicocodimonium chloride,,,,
didecyldimonium chloride,,,,
diethylhexyl,,,,
diethylhexyl 2,,,,
diethylhexyl syringlidenemalonate,,,,
diethylhexyl syringylidene malonate,,,,
diethylhexyl syringylidenenmalonate,,,,
dihydroxyacetone,,neutral,low,
diisopropyladipate 6938-94-9,,,,
diisostearate,,,,
diisostearylmalate,,,,
dimenthiconol,,,,
dimethcone,,,,
dimethyl capramide,,,,
dimethylhydroxy furanone,,neutral,low,
dioscorea bulbifera,,,,
diosmine,,,,
dipentaerythrityl tetrahydroxystearate tetraisostearate,,,,
diphenyl succinate,,,,
dipotassium phosphate,"oily,pigmentation",good,medium,
dipropylne glycol,,,,
dipropylène glycol,,,,
dirt,,neutral,low,
discoloration,,neutral,low,
disiodium lauryl sulfosuccinate,,,,
disodium c12-14 pareth-3 sulfosuccinate,,,,
disodium ed-ta,,,,
disodium lauroamphodiacetate,,,,
disodium lauryl sulfosuccinate,,neutral,low,
disodium oleamido mipa-sulfosuccinate,,neutral,low,
disodium succinate,,,,
distarch,,,,
distarch phosphate,"oily,pigmentation",good,medium,
disteardimonium,,,,
disteareth-75 ipdi,,neutral,low,
distearyldimonium chloride,,neutral,low,
disuccinate,,,,
dl-citronellol,,,,
dmdm hydantoin,,,,
dodecene,,neutral,low,
dry skin sodium coco-sulfate,,,,
dryness,,,,
dull,,neutral,low,
eau de mer,,,,
eau de mer),,neutral,low,
echium,,,,
eco-cert organic dha tanning active,,neutral,low,
edelweiss,,,,
edelweiss flower stem cells,,,,
edelweiss stem cell,,,,
egf botanical complex,,,,
elastic look,,,,
elasticity,,neutral,low,
electric daisy flower,,,,
elettaria cardamomum,,neutral,low,
eliminating dead cells for a brighter,,,,
emollient ester blend,,,,
encapsulated probiotics,,,,
energizing mineral electrolytes,,,,
enhance focus and mental stamina,,neutral,low,
enhanced slip,,,,
enhances skin clarity,,,,
enlighten dark spot corr night srm division,,,,
ensuring a gentle,,,,
enzymatic exfoliants,,,,
enzyme de thé vert,,,,
eop,,,,
epidermal growth factor,,,,
epsom salt,,,,
erythritol,,neutral,low,
erythulose,,,,
eschscholtzia californica leaf cell,,,,
estate grown beauty complex,,,,
ethanol,,,,
ethlhexyl palmitate,,,,
"ethyl 2,2-dimethylhydrocinnamal",,,,
ethyl acetoacetate,,,,
ethyl acetoacetate gamma undecalactone,,,,
ethyl hexanediol,,neutral,low,
ethyl hexanediol chlorphenesin,,,,
ethyl menthane carboxamide,,neutral,low,
ethyl perfluorobutyl ether,,neutral,low,
ethyl perfluoroisobutyl ether,,neutral,low,
ethyl vanillin,,neutral,low,
ethylcellulose,,neutral,low,
ethylene brassylate,,neutral,low,
ethylhexl olivate,,,,
ethylhexyglcerin,,,,
ethylhexyl isonanoate,,neutral,low,
ethylhexylgl-ycerin,,,,
ethylhexylisononanoate,,,,
ethylparaben,,neutral,low,
"ethylparaben,",,,,
eucalyptol,,,,
eucalyptus,,neutral,low,
euk 134,,,,
euterpe oleracea fruit,,,,
euterpe oleracea oi,,,,
even,,,,
even out the complexion,,,,
even skin tone,,neutral,low,
evening primrose,,,,
evens skin tone,,neutral,low,
excellent for dry,,,,
excess sebum,,,,
exfoliate,,,,
expressed,,,,
expression lines,,,,
extrait de miel),,,,
farnesol,,neutral,low,
fast-acting botanical-like compound,,,,
fd&c blue no 1,,,,
fd&c blue no 1 ci 42090,,,,
fd&c green no 3,,,,
fd&c red no 33,,,,
fd&c red no 4,,neutral,low,
fd&c yellow no 5 ci 19140,,neutral,low,
fd&c yellow no 6,,,,
fd&c yellow no 6 ci 15985,,,,
ferment,,,,
ferment concentrate,,,,
fermented pomegranate,,,,
fermented reishi,,,,
ferment³,,,,
ferric ferrocyanide,,neutral,low,
ferrous gluconate,,,,
fights acne,,,,
fights the appearance of wrinkles,,,,
fights the look of blemishes,,,,
fine lines,,neutral,low,
fine lines and wrinkles,,,,
fine perlite,,,,
fines lines,,neutral,low,
firm,,neutral,low,
firmer,,neutral,low,
firming,,,,
firmness,,neutral,low,
firms,,neutral,low,
fizzing bath star,,,,
flame of the forest,,,,
flavor,,neutral,low,
flavor +,,,,
flavor aroma,,neutral,low,
flavors,,,,
floral hydrosol trio,,,,
flowers,,,,
fluid elastomers,,,,
fluid framework,,,,
fluorphlogopite,,,,
folate,,,,
for eyes that look fresh and relaxed aqua,,,,
fountain plant,,,,
four-electrolyte blend,,,,
frankincense,,,,
french melon seed,,,,
fresh,,neutral,low,
fresh formula,,,,
fructo-oligosaccharide,,,,
fructooligosacchadrides,,,,
fructosyl cocoate olivate,,,,
gamma octalactone,,,,
gamma-decalactone,,neutral,low,
ganoderma lucidum,,,,
gardenia,,,,
gardenia tahitensis flower,,,,
garnet,,,,
garnet powder,,neutral,low,
gas,,,,
gelatin,,,,
gentelia j siatica meristem cell culture,,,,
gentle eye m u remover liquid division,,,,
gently exfoliate,,,,
geranial,,neutral,low,
geranium,,,,
ghostberry and tasmanian pepper,,,,
giant sea kelp,,,,
ginger,,,,
ginger root,,,,
gingko biloba,,,,
ginkgo biloba,,,,
giving it a dewy,,,,
glacial glycoprotein,,neutral,low,
glacial glycoprotiens,,,,
glucides,,,,
glucosamine,,,,
glucosamine hci,,,,
glucosides,,,,
glut[1]athione,,,,
glutamylamidoethyl imidazole,,neutral,low,
glutamylamidoethyl indole,,,,
glutaral,,,,
gluthathione,,,,
glycereth-2 cocoate,,,,
glycerth-26,,,,
glyceryl hydrogenated rosinate,,,,
glyceryl linolenate,,neutral,low,
glyceryl mono laurate,,,,
glyceryl monostearate,,,,
glyceryl olivate,,,,
glyceryl sterate,,,,
glycerylstearate,,,,
glycol,,neutral,low,
glycol distearate,,neutral,low,
glycérine,,,,
glyercyl stearate se,,,,
glyoproteins,,,,
glyoxal,,neutral,low,
goat milk,,,,
goji,,neutral,low,
goji stem cells,,,,
gojiberry,,,,
gold,,neutral,low,
gold flakes,,,,
golden kiwifruit,,,,
golden root,,,,
grains,,,,
grapefruit,,,,
grapefruit and geranium,,neutral,low,
grapefruit flavor,,,,
great burdock,,,,
greek yoghurt,,neutral,low,
green,,,,
green 5 ingredients,,,,
green 6,,,,
green cardamom,,,,
green mud,,,,
green-tea-derived egcg,,,,
grime,,,,
guar hydroxypropyltrimonium,,,,
guards against stress,,,,
gum,,neutral,low,
gum arabic,,neutral,low,
gycerin,,,,
gylcerin,,,,
h2o,,,,
ha4,,,,
haberlea,,,,
haematococcus pluvialis powder,,,,
hard gelatin elongated capsule,,,,
hard vegetable capsule,,,,
hard vegetarian capsule,,,,
hawthorn,,,,
ha³,,,,
heal,,,,
heals,,,,
healthy,,neutral,low,
healthy complexion aqua,,,,
healthy scalp serum,,,,
heart-leaved moonseed,,,,
helianthus annuus,,,,
helichrysum,,,,
helping to loosen blackheads,,,,
helping your skin appear plump,,,,
hemicellulase,,,,
hemidesmus indicus,,neutral,low,
hemp,,,,
heptane,,,,
heptanol,,,,
heptyl glucoside,,neutral,low,
hexadecane,,,,
hexadecene,,,,
hexanediol,,neutral,low,
hexyl cinnamal,,neutral,low,
hexyl cinnamaldehyde,,,,
hexyl nicotinate,,neutral,low,
hexylene glycol,,neutral,low,
high,,,,
high-tech molecule,,,,
highlighted ingredients,,neutral,low,
himalayan cherry,,neutral,low,
himalayan pink salt,,neutral,low,
himalayan pink salts,,,,
holy basil,,,,
homeostatine,,,,
honokiol,,neutral,low,
hordeum vulgare,,,,
hordeum vulgare seed exract,,,,
horse chestnut,,,,
horsetail,,,,
huile de graine de rubiginosa,,,,
huile minerale,,,,
huile minérale),,neutral,low,
huile végétale),,,,
hungarian moor mud,,,,
hy-droxyethylcellulose,,,,
hybrid anti-pollution powder,,,,
hydrate,,neutral,low,
hydrated,,neutral,low,
hydrates,,neutral,low,
hydrates the lips,,,,
hydrating,,neutral,low,
hydrating aloe barbensis leaf juice,,,,
hydrating floral essence,,,,
hydrating nectar,,,,
hydrating sugar complex,,,,
hydration barrier complex,,,,
hydro-melt glow capsules,,,,
hydrocolloid bandage,,,,
hydrocolloid dressing,,,,
hydrofluorocarbon 152a,,,,
hydrogen peroxide,,neutral,low,
hydrogenated,,,,
hydrogenated coco glycerides,,,,
hydrogenated coco- glycerides,,,,
hydrogenated licithin,,,,
hydrogenated methyl abeitate,,,,
hydrogenated methyl abietate,,neutral,low,
hydrogenated palm kernel glycer-ides,,,,
hydrolyzed,,,,
hydrolyzed conchiolin protein,,,,
hydrolyzed hemp seed protein,,,,
hydrolyzed potato protein,,,,
hydrolyzed quinoa,,neutral,low,
hydrolyzed sodium,,,,
hydrosella,,,,
hydrosenn+,,,,
hydroviton,,,,
hydroxide,,,,
hydroxyacetophe-none,,,,
hydroxyapatite,,neutral,low,
hydroxycetyl hydroxyethyl dimonium chloride,,,,
hydroxycitronellal,,neutral,low,
hydroxycitronellol,,,,
hydroxyethlcellulose,,,,
hydroxyethyl,,,,
hydroxyethyl behenamidopropyl dimonium chloride,,,,
hydroxyethyl ethylcellulose,,,,
hydroxyethylacrylate sodium acryloyldimethyl taurate,,,,
hydroxyethylcellu-lose,,,,
hydroxyethylcelluclose,,,,
hydroxyethylcellulose,,neutral,low,
hydroxyhydrocinnamate,,,,
hydroxyphenyl,,,,
hydroxypropl methylcellulose,,,,
hydroxypropyl guar,,neutral,low,
hydroxypropyl methylcellulose,,neutral,low,
hydroxypropyl methylcellulose stearoxy ether,,neutral,low,
hydroxypropylcellulose,,neutral,low,
hydroxypropylmethylcellulose,,,,
hydroxypropylmethylcellulose stearoxyether,,,,
hydroxystearicacid,,,,
hyperpigmentation,,,,
hypromellose,,,,
ichthammol,,,,
idealist extra pore min skin refin division,,,,
ikaria in greece,,,,
il-1a,,,,
ilite,,,,
illawarra,,,,
illuminating minerals and diamond powder,,,,
illuminating pearl,,,,
improving fine lines and wrinkles,,,,
improving the look of line and wrinkles,,,,
impurities,,,,
including dullness,,neutral,low,
including pollution and blue light,,,,
increases luminosity,,,,
increases moisture,,,,
increases the appearance of firmness and elasticity,,,,
inctive ingredients,,,,
indian sarsparilla,,,,
indigo powder,,,,
indigofera tinctoria,,,,
indole,,,,
inflamed,,,,
inflammation,,,,
infrared rays,,,,
ingred,,,,
ingredients,,neutral,low,
ingredients ingrédients,,,,
intensely hydrated skin sodium bicarbonate,,,,
intensely hydrates,,,,
invertase,,,,
iodine,,,,
iodopropynyl butylcarbamate,,neutral,low,
iodopropynyl butylcarbamate *certified organic,,,,
ionic trace minerals,,,,
iris root,,,,
irish moor mud,,,,
irish moss,,,,
iron,,neutral,low,
iron hydroxide,,,,
iron powder,,neutral,low,
irritation,,,,
is shown to moisturize and soothe dry,,,,
isethionate,,,,
isoamyl salicylate,,,,
isoborneol,,,,
isobutane,,neutral,low,
isobutylparaben,,neutral,low,
isobutylparben,,,,
isohexadecane,,neutral,low,
isojasmone,,,,
isolated,,,,
isoparaffin,,,,
isopentane,,neutral,low,
isopropanolamine,,,,
isopropyl titanium triisostearrate,,,,
isopropyl titianium triisostearate,,,,
isopropylparaben,,neutral,low,
isopulegol,,,,
isostearyl,,,,
isostearyl iso-stearate,,,,
it hydrates and plumps the look of skin,,,,
it soothes,,,,
it’s shown to moisturize and soothe dry,,,,
it’s used for its soothing,,,,
jackson hole wild chokecherry,,,,
jackson hole wild huckleberry,,,,
jamaican superfruit blend,,,,
japanese beautyberry,,,,
japanese konjac,,,,
japanese kyo-matcha,,,,
japanese leopard lily,,,,
japanese mugwort,,,,
japanese white peony,,,,
japanese white rose stem cells,,,,
japanese wild rose,,,,
jartbiome,,,,
jasmine,,,,
jasminum officinale,,,,
jasminum sambac,,,,
jasminum sambac absolute,,,,
java fruit,,,,
jicama root juice,,,,
jisten,,,,
juglans regia shell powder,,neutral,low,
juju bar,,,,
juvenescence+ complex,,,,
kakadu plum,,neutral,low,
kale,,neutral,low,
kangaroo flower and mitracarpus,,,,
keep pores clean,,,,
keeps pores clean,,,,
kelp,,,,
kelp and soy,,,,
kelp minerals,,,,
kgf,,,,
known for their skin conditioning and antioxidant properties,,,,
known to purify the skin aqua,,,,
kombucha,,neutral,low,
konnyaku,,,,
korean traditional herb complex,,,,
kurenai-trulift complex,,,,
labrador tea,,,,
lactase,,,,
lady's mantle,,neutral,low,
lait de chèvre),,,,
laryl pca,,,,
lauramide dea,,,,
lauramide dipa,,neutral,low,
lauramide mipa,,,,
laureth- 7,,,,
laureth-1 phosphate,,,,
laureth-10,,,,
laureth-21,,,,
laureth-23,,neutral,low,
laureth-3,,neutral,low,
laureth-4,,neutral,low,
laureth-7,,neutral,low,
laureth-8,,neutral,low,
laureth-9,,,,
lauric arginate,,,,
lauroyl lactylate,,,,
lauryl glucoside,,neutral,low,
lauryl phosphate,,,,
lavender,,neutral,low,
lavender & rose,,,,
lavender citrus,,,,
lavender essence and natural sage,,,,
lavender hydrosol,,,,
leaf aqueous infusion,,,,
leaf of life,,,,
leaves,,,,
lechithin,,,,
lentil fruit,,,,
leptadenia reticulata,,,,
levan,,neutral,low,
licorice,,,,
lift,,neutral,low,
lifted,,,,
lifts,,,,
light-diffusing powders,,,,
light-diffusing spheres,,,,
light-reflecting complex,,,,
light-scattering compound,,,,
lily,,,,
lime,,neutral,low,
lime tea,,neutral,low,
lime tea concentrate,,neutral,low,
limone,,,,
linden,,,,
lingonberry,,neutral,low,
linseedate,,,,
lippia citriodora,,,,
liquid,,,,
liquid hydrogel,,,,
litchi chinensis seed powder,,,,
lithothamnion calcareum powder,,,,
lock in moisture,,,,
locks in moisture,,,,
lodh tree bark,,neutral,low,
long grain white rice flour,,neutral,low,
long-term hydration with a plumping effect,,,,
longer,,,,
longoza flower,,neutral,low,
longoza-ferments blend,,,,
loosening and lifting dry,,,,
loss of firmness,,neutral,low,
lotus flower,,neutral,low,
lotus seed,,,,
low,,,,
lsoamyl laurate,,,,
luffa cylindrica fruit powder,,,,
lumicol,,,,
luminizing black mask,,,,
lunarlift,,,,
lycium,,,,
lécithine hydrogénée,,,,
macadamia,,,,
macrotyloma uniflorum,,,,
madecassic a-cid,,,,
madecassosida,,,,
magne,,,,
magnolol,,neutral,low,
maintains hydration,,,,
makeup,,,,
maldavian dragonhead,,,,
malic,,neutral,low,
maltase,,,,
maltitol,,neutral,low,
maltodexrin,,,,
maltodextrim,,,,
maltol,,,,
malus domestica,,,,
mandelic,,,,
manganese,,,,
manganese violet,,neutral,low,
manjishta,,,,
manjistha,,,,
mannan,,neutral,low,
maqui,,,,
maracuja,,,,
maranta arundinacea root powder,,neutral,low,
marine actives,,neutral,low,
marine bamboo,,,,
marine bioferments,,,,
marine fennel,,,,
marine metabolites,,,,
marine plankton,,,,
maritime pine complex,,,,
marrubium vulgare meristem cell culture,,neutral,low,
marula,,,,
mask,,,,
mastic,,,,
matcha,,,,
matsu-prosculpt complex,,,,
maxi-lip,,,,
maycontain,,,,
meadowestolide,,,,
medical-grade silicone,,,,
medium,,,,
medium-tan,,,,
mel,,neutral,low,
melaleuca,,neutral,low,
melanin,,neutral,low,
melanin boosters,,,,
melatonin,,neutral,low,
melon fruit concentrate,,,,
menadione,,neutral,low,
mentha pulegium,,,,
mentha viridis,,neutral,low,
menthyl lactate,,neutral,low,
mesua ferrea,,,,
methyl anthranilate,,,,
methyl diisopropyl propionamide,,neutral,low,
methyl ether dimethyl silane,,,,
methyl lactate,,,,
methyl methacrylate,,,,
methyl nonafluorobutyl ether,,neutral,low,
methyl nonfluoroisobutyl ether,,,,
methyl perfluorobutyl ether,,neutral,low,
methyl perfluoroisobutyl ether,,,,
methylcellulose,,,,
methylchloroisothiazolinone,,neutral,low,
methyldihydrojasmonate,,neutral,low,
methylisothia- zolinone,,,,
methylisothiazolinone,,neutral,low,
methylparaben,,neutral,low,
methylparaben *pitera,,,,
methylproanediol,,,,
mg-pca,,,,
mica,,neutral,low,
mica *certified organic,,,,
mica ci 77019,,neutral,low,
micellar cleansing blend,,,,
micellar cleansing complex,,,,
micro essence skin act treat lot division,,,,
micro-foaming botanical blend,,,,
micro-size aluminum oxide crystals,,,,
micronized powders,,,,
miel),,,,
mild tensides,,,,
milk thistle,,,,
mimosa,,,,
mineral and chemical sunscreens,,,,
mineral powder,,,,
mineral spf,,,,
mineral spf 50,,,,
mineral sunscreen,,neutral,low,
mineral-based complex,,,,
minerals,,neutral,low,
minimize the look of pores,,,,
minimizes dark spots,,,,
minimizes pores,,,,
mitracarpus,,,,
mn-pca,,,,
moisture,,,,
moisture-preserving veil,,,,
moisturize,,neutral,low,
moisturizes,,neutral,low,
moisturizing,,neutral,low,
moisturizing agent,,,,
mondo root,,,,
monk juice,,,,
montmorillonoite,,neutral,low,
mood-boosting,,,,
mop up sebum,,,,
more even,,,,
more even-looking,,,,
more even-toned look -centella asiatica,,,,
more resilient,,,,
moringa,,neutral,low,
moringa and papaya,,,,
moroccan rose,,neutral,low,
msm,,,,
mulberry leaf,,,,
multi-amino-acid blend,,,,
multi-mineral active,,,,
multi-sized moisture spheres,,neutral,low,
multivitamins,,,,
murumuru seed,,,,
mustard,,neutral,low,
myristoyl,,,,
myristyl glucoside,,neutral,low,
myristyl laurate,,neutral,low,
myrrh,,neutral,low,
nacre powder,,,,
napiers aqua formula,,,,
napiers moisture formula,,,,
napier’s original and aqua formulas,,,,
natural 8-acid complex,,,,
natural abaca tree fiber,,,,
natural cinnamon flavor,,,,
natural cleansing agents produced by plants,,,,
natural colorant,,,,
natural flavor,,,,
natural flavors,,neutral,low,
natural oat kernel sugars,,,,
natural phytosteroid,,,,
natural prebiotics from agave and chicory,,,,
natural-looking,,,,
nelumbium nucifera,,,,
nelumbo nucifera,,,,
nephrite powder,,neutral,low,
nerol,,neutral,low,
nerol),,,,
neutralize harmful free-radical damage,,,,
nitrogen *plant origin,,,,
nmf replenishing cocktail,,,,
nmt,,,,
non-comedogenic,,,,
nonanal,,,,
noni fruit,,,,
nonoxynol-10,,,,
nordic birch sap,,,,
northern truffle mushroom,,,,
nourish,,neutral,low,
nourishes,,neutral,low,
nourishing,,neutral,low,
np),,,,
nurture,,,,
nurtures,,neutral,low,
nutgrass,,neutral,low,
nutritious vitality8 egy lot int m division,,,,
nylon 6 12,,,,
nylon- 12,,,,
nylon-6,,,,
o-cymen- 5-ol,,,,
o-cymen-5-ol,,neutral,low,
oat,,neutral,low,
oat and alpha glucan,,,,
oat fiber powder,,,,
oat kernel meal,,,,
oat kernel protein,,,,
oat milk,,,,
oat sugars,,,,
oc-tyldodecanol,,,,
ocimum,,,,
ocimum sanctum,,,,
octadecene,,neutral,low,
octanal,,,,
octanediol,,,,
octdecyl di-t-butyl-4 hydroxyhydrocinnamate,,,,
octoxynol-9,,neutral,low,
octyl dodecanol,,,,
octyldodeceth-16,,neutral,low,
octyldodeceth-25,,,,
octyldodecyl steroyl stearate,,,,
octyldodecyl xyloside,,,,
octylododeceth-16,,,,
oenothera biennis seed,,,,
oleamide mipa,,neutral,low,
oleic,,,,
oleth-10,,neutral,low,
oleth-10 phosphate,"oily,pigmentation",good,medium,
oleth-2,,,,
oleth-20,,neutral,low,
oleth-3 phosphate,"oily,pigmentation",good,medium,
oleth-5,,neutral,low,
olibanum,,,,
olive,,neutral,low,
olive fruit pulp,,,,
olive glyceridees,,,,
omega 3 and 6,,neutral,low,
omega-9,,,,
omegas 3 and 6,,,,
opilia,,,,
opuntia ficus indica,,neutral,low,
orange,,neutral,low,
orange 4 rds product name,,,,
orange 5,,,,
orange juice,,,,
orange peel,,,,
orange stem cell,,,,
orange stem cells,,,,
oregon grape root,,,,
organic **natural,,,,
organic aloe leaf juice,,,,
organic flavors,,,,
organic guarana,,,,
organic mango flavor,,,,
organic monk fruit powder,,,,
organic natural mixed berry flavor,,,,
organic oat sugars,,,,
organic rice hulls,,,,
organic-7,,,,
oryza sativa,,,,
oryza sativa 2,,,,
oryza sativa bran,,,,
oryza sativa powder,,neutral,low,
oryza sativa seed protein,,,,
osmolytes,,,,
other ingredients,,neutral,low,
outer silk,,,,
ozokerite,,neutral,low,
packette 2,,,,
padina pavonica,,neutral,low,
pafum,,,,
palm-iticacid,,,,
palmarosa,,,,
palmitoyal carnitine,,,,
palmitoyl hydroxypropyltrimonium,,,,
pan-thenol,,neutral,low,
panthenyl ethyl ether,,,,
panthenyl triacetate,,neutral,low,
papain,,neutral,low,
papaya + pineapple),,,,
papaya enzyme,"oily,pigmentation",good,low,
paraffin,,neutral,low,
paraguay,,,,
parmelia perlata,,,,
passion flower,,,,
patch,,,,
pea sprouts,,,,
peach resin,,,,
pearl face mask,,,,
pearl light powder,,,,
pearl powder,,neutral,low,
pearlescent minerals,,,,
pearlescent shine,,,,
pectin,,neutral,low,
pectinase,,,,
peg,,,,
peg 100 stearate,,,,
peg ppg-50 40 dimethyl ether,,,,
peg ppg-8 3 diisostearate,,,,
peg-2 cocamide,,,,
peg-2 laurate,,,,
peg-25 glyceryl trioleate,,,,
peg-2m,,,,
peg-3 distearate,,neutral,low,
peg-30 phytosterol,,neutral,low,
peg-30 soy sterol,,,,
peg-5 rapeseed sterol,,neutral,low,
pentaerythirityl tetraethylhexanoate,,,,
pentaerythrityl,,,,
pentaerythrityl adipate caprate caprylate heptanoate,,,,
pentaerythrityl tetra-di-t-butyl,,,,
pentaerythrityl tetra-di-t-butyl hydroxyhydrocinamate,,,,
pentaerythrityl tetra-di-t-butyl hydroxyhydrocinnamate,,neutral,low,
pentaerythrityl tetra-di-t-butylhydroxyhydrocinnamate,,,,
pentaerythrityl tetrathylhexanoate,,,,
pentafluoropropane,,neutral,low,
pentasodium triphosphate,"oily,pigmentation",good,medium,
pentavitin,,,,
pentlyene glycol,,,,
penty- lene glycol,,,,
pentylene,,neutral,low,
pentyleneglycol,,neutral,low,
perfectionist cp+r division,,,,
perfectionist pro rpd frm+lift trt division,,,,
perfluorodecalin,,neutral,low,
perfluorohexane,,neutral,low,
perlite,,neutral,low,
persea gratissima (extra virgin,,,,
persian silk tree and mediterranean lavender,,,,
persian silk tree bark,,,,
phas,,,,
phaseolous trilobus,,,,
phaseolus angularis seed powder,,,,
pheno- xyethano,,,,
pheno-xyethanol,,,,
phenolic compounds,,,,
phenoxy- ethanol,,,,
phenoxyethanol,,neutral,low,
phenoxyethanol *certified organic,,neutral,low,
phenoxyethanol <iln33544>,,,,
phenoxyethanol rds product name,,neutral,low,
phenoxyethanol* hadasei-3,,,,
"phenoxyethanol,carbomer",,,,
phenoxyisopropanol,,neutral,low,
phenoxythanol,,,,
phenylalalnine,,,,
phenylpropanol,,neutral,low,
phosphate,,,,
phthalates,,,,
phtosphingosine,,neutral,low,
phyllostachis,,,,
physical exfoliants,,,,
phytase),,,,
phytelephas aequatorialis seed powder,,,,
phytic,,,,
phytoactives from resurrection plant,,,,
phytoestrogens,,,,
phytonadione,,neutral,low,
phytoncide,,,,
phytospingosine,,,,
phytosteryl,,,,
phytosteryl isostearate,,,,
phytosteryl sunflowerseedate,,,,
pigmentation,,,,
pimples,,,,
pineapple,"oily,pigmentation",good,low,
pineapple and papaya,,,,
pineapple enzyme,,,,
pineapple face mask,,,,
pineapple natural melange,,,,
pink pepper,,,,
pink pepperslim,,,,
pink salt,,,,
piperonyl glucoside,,,,
piroctone olamine,,neutral,low,
pistacia integerrima,,,,
pitera,,,,
plankton,,,,
plant based m6p glycan,,,,
plant epidermal growth factor,,,,
plant probiotics,,,,
plant stem cells,,,,
plant-based,,,,
plant-based antimicrobials,,,,
plant-based emollients,,,,
plant-based hydration complex,,,,
plant-based plumping agent,,,,
plant-based plumping complex,,,,
plant-derived matrix,,,,
plant-derived protection,,,,
plant-derived sodium phytate,,,,
plantarum l-137),,,,
plum,,,,
plum and ice willowherb,,,,
plumeria rubra flower,,,,
plump,,neutral,low,
plump oleactif,,,,
plump-,,,,
plumps,,,,
polish,,,,
pollutants,,,,
pollution,,,,
pollution residue,,,,
pollution shield complex,,,,
polox- amer 407,,,,
poloxamer 123,,,,
poloxamer 188,,neutral,low,
poloxamer 235,,,,
poloxamer 407,,neutral,low,
pomegranate,,,,
pomegranate spheres,,,,
pomegranate stem cells,,,,
pomegranate sterols,,,,
poredermabrasion pore perfecting exfoliator,,,,
pores,,neutral,low,
pores no more pore refiner primer,,,,
porphyridium cruentum,,,,
potassium,,,,
potassium behenate,,,,
potassium bitartrate,,,,
potassium carbonate,,neutral,low,
potassium cetyl phos-phate,,,,
potassium cetyl phosphate,"oily,pigmentation",good,medium,
potassium chl-oride,,,,
potassium cocoate,,neutral,low,
potassium cocoyl glycinate,,neutral,low,
potassium gluconate,,neutral,low,
potassium hydroxide,,neutral,low,
potassium hydroxidw,,,,
potassium laurate,,neutral,low,
potassium laureth phosphate,,,,
potassium methoxysalicylate,,neutral,low,
potassium myristate,,neutral,low,
potassium myristoyl glutamate,,,,
potassium olivate,,neutral,low,
potassium palm kernelate,,,,
potassium palmate,,,,
potassium palmitate,,neutral,low,
potassium phosphate,"oily,pigmentation",good,medium,
potassium sorbet,,,,
potassium sterate,,,,
potassiumsorbate,,,,
potent botanical blend,,,,
powder,,,,
ppg-2 hydroxyethyl cocamide,,neutral,low,
ppg-5-ceteth-10 phosphate,"oily,pigmentation",good,medium,
ppg-8 ceteth-20,,,,
prebiotic,,neutral,low,
prebiotic moisture complex,,,,
prebiotics,,neutral,low,
prebiotics and postbiotics,,,,
preforpro prebiotic,,,,
prevent moisture loss,,,,
preventing moisture loss,,,,
priyangu,,,,
pro- and postbiotics,,,,
pro-level,,,,
pro-xylane,,neutral,low,
probiotic,,neutral,low,
probiotic-derived complex,,,,
probiotics,,neutral,low,
profense cel,,,,
prolinamidoethyl imidazole,,,,
promote hydration,,,,
promotes reproductive health,,,,
promoting hydration while calming irritation aqua,,,,
promoting strong,,,,
propa nediol,,,,
propane,,,,
propane- diol,,,,
propanol,,,,
propyl -2- -propanoate,,,,
propyl gallate,,neutral,low,
propylene,,,,
propylene carbonate,,neutral,low,
propylene gylcol,,,,
propylparaben,,neutral,low,
protect against environmental stressors,,,,
protect against stressors,,,,
protect the skin barrier,,,,
protecting against dryness aqua,,neutral,low,
protects,,neutral,low,
protects skin from further damage,,,,
proteins,,,,
provide visible anti-wrinkle benefits,,,,
provides long-lasting moisture,,,,
proxylane gx,,,,
prunus cerasoides,,,,
prunus cerasus shell powder,,,,
ptfe,,neutral,low,
pueraria tuberosa,,,,
puffiness,,,,
punarnava,,,,
pure colloidal silver,,,,
pure hydrogen peroxide,,,,
pure rosehip seed,,,,
purifies,,,,
purify pores,,,,
purify skin,,,,
purity made simple cleanser,,,,
purple sea moss,,,,
pushkarmool,,,,
pvp,,neutral,low,
pyroglutamylamidoethyl indole,,,,
quartz,,neutral,low,
quartz powder,,neutral,low,
quartz sand micro-crystals,,,,
"quartz,hematite powder",,,,
quaternium-15,,neutral,low,
quaternium-22,,neutral,low,
quaternium-90 sepiolite,,,,
r2 sheet mask division,,,,
radiance,,,,
radiation,,neutral,low,
rashes,,,,
raspberry,,,,
red 27,,neutral,low,
red 27 lake,,neutral,low,
red 28,,,,
red bell pepper,,,,
red lake 40,,,,
red maple bark,,,,
redensyl,,,,
redness,,,,
reduce irritation,,,,
reduce redness,,neutral,low,
reduce shine,,,,
reduce stress-related effects on the body,,,,
reduce the look of dark spots,,,,
reduce visible redness,,neutral,low,
reducing blemish-causing sebum,,neutral,low,
reducing the signs of inflammation,,,,
refine,,,,
refines,,,,
refines pores,,neutral,low,
refresh,,neutral,low,
refreshes the skin,,,,
regenerates,,,,
regenerating cleanser,,,,
reishi,,neutral,low,
reishi mushroom,,,,
reishi mushrooms,,,,
rejuvenating serum,,,,
relax the body,,,,
relaxing,,,,
relieve,,,,
relieving skin discomfort caused by dryness,,neutral,low,
removes impurities,,,,
removing bacteria,,,,
ren does not use skin unfriendly ingredients,,,,
ren products do not contain potential irritants including,,,,
renewed,,,,
repairative moisturizer,,,,
repels free radicals,,,,
replenish,,,,
replenish moisture,,,,
replenishes,,,,
res lift firm sclp face nc spf15 division,,,,
res lift frm sclp eye creme division,,,,
restore barrier,,,,
restore clarity,,,,
restore natural ph,,,,
restore skin barrier,,,,
restores,,neutral,low,
restores skin barrier,,,,
restores suppleness,,,,
resulting in a brighter-,,,,
resurfacing mask,,,,
resurrection plant,,,,
retain moisture,,,,
revealing radiant,,,,
revitalizes,,neutral,low,
revitalizing supreme+ cell pwr crm division,,,,
revive dull skin,,,,
rhodiola rosea,,,,
riboflavin,,neutral,low,
rice,,neutral,low,
rice bran,,neutral,low,
rice flour,,neutral,low,
rice hulls,,,,
rice powder,,,,
rich emollients,,,,
rich omegas,,,,
ricinoleth-40,,neutral,low,
rooibos,,,,
rosa damascena,,,,
rosa damascena absolute,,,,
rosa damascena flower,,,,
rosa meichibon delgramaue callus,,,,
rosa moschata seed,,,,
rosa roxburghii,,,,
rosa spp,,,,
rose,,,,
rose absolute,,,,
rose face mask,,,,
rose of jericho,,,,
rose quartz,,,,
rose quartz crystal,,,,
rose scent,,,,
rose sucrée,,,,
rosehip,"dry,pigmentation",good,low,
rosemary,,neutral,low,
rosemary + saffron,,,,
royal epigen p5,,,,
rubia cordifolia,,,,
rye flour,,,,
saccarhide isomerate,,,,
saccharide hydrolyase,,neutral,low,
saccharide isomarate,,,,
saccharin,,neutral,low,
sacha inchi,,,,
safflower,,neutral,low,
safflower oleosomes,,neutral,low,
saffron,,neutral,low,
sake bright white mask,,,,
sakura-bright complex,,,,
sakura-bright system,,,,
salicornia,,neutral,low,
salicylate,,,,
salvia officinalis,,,,
salvia officinalis leaf,,neutral,low,
sandalwood,,,,
saw palmetto,,neutral,low,
scalp,,,,
schisandra berry powder°,,,,
schisandra fruit,,,,
sclareolide,,neutral,low,
scottish heather,,,,
sea aster,,,,
sea lavender,,,,
sea moss,,neutral,low,
seal in moisture,,,,
sebocytine,,,,
sebum-absorbing powder and cleansing granules,,,,
selaginella lepidophylla extr- act,,,,
self-tanner,,,,
semen benincasae herb,,,,
sensitive skin,,neutral,low,
sensitivity,,,,
shatavari root powder°,,,,
shell,,,,
shielding skin from digital pollution-induced,,,,
shiso,,,,
shiso leaf,,,,
shorea robusta,,,,
siam benzoin resinoid,,,,
sichuan pepper,,,,
signs of stress,,,,
silicon dioxide,,neutral,low,
silicone dioxide,,,,
silicone quaternium-8,,,,
silicone wrap,,,,
silver ear mushroom,,neutral,low,
silver plated iron,,,,
silver-plated iron,,,,
skin density,,,,
skin regenerating activ,,,,
skin-buffing,,,,
skin-friendly cleansing blend,,,,
skin-like treated pigments,,,,
skin-restoring ),,,,
skingenecellenmei,,neutral,low,
skullcap,,neutral,low,
sloughs off dead cells,,,,
smooth,,neutral,low,
smooth skin as a marine phytoactive,,,,
smooth spheres that gently exfoliate away dead,,,,
smooth texture,,neutral,low,
smoother,,neutral,low,
smoother skin,,,,
smoother-looking,,,,
smoothing its texture,,neutral,low,
smoothness,,,,
smooths,,neutral,low,
smooths away surface dullness,,,,
smooths fine lines,,,,
smooths skin,,,,
smooths texture,,,,
smooths the appearance of skin texture,,,,
smooths the look of the skin’s surface,,,,
smooths uneven texture,,,,
snow mushroom,,neutral,low,
sodium,,neutral,low,
sodium acetylated hyaluraonate,,,,
sodium acryloyldimethyl taurate,,,,
sodium anisate,,neutral,low,
sodium benzate,,neutral,low,
sodium bicarbonate,,neutral,low,
sodium bisulfite,,neutral,low,
sodium borate,,,,
sodium c12-15 pareth-15 sulfonate,,,,
sodium c14•16 olefin sulfonate,,,,
sodium carboxymethyl betaglucan,,neutral,low,
sodium chlo- ride,,,,
sodium coco pg-dimonium chloride phosphate,"oily,pigmentation",good,medium,
sodium coco-sulfate,,neutral,low,
sodium cocoamphoacetate,,neutral,low,
sodium cocoamphohydroxypropylsulfonate,,,,
sodium cocoate,,,,
sodium cocoyl alaninate,,neutral,low,
sodium cocoyl glutamate,,neutral,low,
sodium cocoyl glycinate,,neutral,low,
sodium cocoylglutamate,,,,
sodium dehyrdoacetate,,,,
sodium diglycolate,,,,
sodium dihydroacetate,,,,
sodium gluceptate,,neutral,low,
sodium glycero-phosphate,,,,
sodium glycerophosphata,,,,
sodium glycerophosphate,"oily,pigmentation",good,medium,
sodium glycyrrhetinate,,,,
sodium hexametaphosphate,"oily,pigmentation",good,medium,
sodium hydroxypropylphosphate,,,,
sodium hylauronate,,,,
sodium isostearate,,neutral,low,
sodium lauroyl aspartate,,,,
sodium lauroyl glutamate,,neutral,low,
sodium lauroyl lactate,,,,
sodium lauroyl lactylate,,neutral,low,
sodium lauroyl methylaminopropionate,,neutral,low,
sodium lauroylglutamate,,,,
sodium lauryl phosphate,,,,
sodium lauryl sulfoacetate,,neutral,low,
sodium lignosulfonate,,,,
sodium metabisul_te,,,,
sodium metabisulfate,,,,
sodium metabisulfite,,neutral,low,
sodium metabisulte,,,,
sodium metabisul­te,,,,
sodium metaphosphate,"oily,pigmentation",good,medium,
sodium methyl cocoyl taurate,,neutral,low,
sodium methylparaben,,,,
sodium myristate,,,,
sodium myristoyl glutamate,,,,
sodium olivate,,,,
sodium oxide,,,,
sodium palm kernelate,,,,
sodium palmamphoacetate,,,,
sodium palmitate,,neutral,low,
sodium palmoyl glutamate,,,,
sodium pantothenate,,,,
sodium phytate,,neutral,low,
sodium saccharin,,neutral,low,
sodium succinate,,neutral,low,
sodium sulfite,,neutral,low,
sodium sulfite *certified organic,,,,
sodium surfactin,,neutral,low,
sodium trideceth-4 carboxylate,,,,
sodiumcitrate,,,,
sodiumhya-luronate,,,,
sodiumlauroyl lactylate,,,,
soft,,neutral,low,
soft aura white cocktail complex,,,,
soften,,neutral,low,
soften the look of fine lines,,,,
soften the skin,,,,
softening,,,,
softens,,neutral,low,
softens look of wrinkles,,neutral,low,
softer,,,,
solanum indicum linn,,,,
solanum xanthocarpum,,,,
solomon's seal powder,,,,
sooth,,,,
soothe,,neutral,low,
soothe irritated skin,,,,
soothe skin,,,,
soothe the skin,,,,
soothes,,neutral,low,
soothes redness,,,,
soothes skin,,neutral,low,
soothing,,neutral,low,
soothing antioxidants,,,,
soothing canadian willowherb,,,,
soothing emollient that hydrates and protects skin aqua,,,,
soothing moisture -blackcurrant,,,,
sorbate,,,,
sorbeth-230 tetraoleate,,,,
sorbitan caprylate,,neutral,low,
sorbitan laurate,,neutral,low,
sorbitan oleate,,neutral,low,
sorbitan stearate,,neutral,low,
sorbitan trioleate,,neutral,low,
sorbitan tristearate,,neutral,low,
sorbitan tristearatee,,,,
sorbiton olivate,,,,
sorrel,,,,
sourced from natural origins,,,,
soy letcithin,,,,
soy proteins,,,,
soya proteins,,,,
soybean,,,,
soyethyl morpholinium ethosulfate,,,,
spanish lavender,,,,
spf 45,,,,
spf 50,,neutral,low,
spf 50+ uva uvb,,,,
spinach,,neutral,low,
star aster,,,,
star flower,,,,
starch,,,,
starch octenylsuccinate,,,,
steapyrium chloride,,neutral,low,
stearamide amp,,neutral,low,
stearamidoethyl diethylamine,,neutral,low,
stearamidopropyl dimethylamine,,neutral,low,
steareth-10,,neutral,low,
steareth-100,,neutral,low,
steareth-30,,,,
steareth-4,,neutral,low,
stearoyl glutamate,,,,
steartrimonium bromide,,,,
stearyl ether,,,,
stearyl phosphate,,,,
stearyl stearate,,neutral,low,
stearyl triethoxysilane,,,,
stem,,,,
step 01 super booster,,,,
step 02 firming liquid ampoule,,,,
step 02 hydro liquid ampoule,,,,
step 02 soothing liquid ampoule,,,,
step one,,,,
step two,,neutral,low,
stereoisomer plant molecules,,,,
sterols,,,,
stevioside,,neutral,low,
stimulates blood flow,,,,
stimulating,,,,
stratixyl,,,,
strawberry,,,,
strengthen,,,,
strengthens,,neutral,low,
strengthens skin’s appearance,,,,
structure,,,,
styrene,,neutral,low,
styrene oxide,,,,
styrene),,,,
styrene-ethylene propylene-,,,,
stéarate de glycérine,,,,
subtly smooth visible imperfections,,,,
sugandh-bala,,,,
sugar,,neutral,low,
sugar biovector,,,,
sugar cane,,,,
sugar carbohydrate complex,,,,
sugar crystals,,,,
sugar maple,,,,
sugar maple),,,,
sugar prebiotic,,,,
sugar*+,,,,
sugar+,,,,
sugar-based cleansers,,,,
sugar-derived matrix,,,,
sugar-derived tanning booster,,,,
sugarleaf flower,,,,
sunscreen,,,,
sunscreen residue,,,,
super lotus,,,,
super sculpt active,,,,
super-veil 360,,,,
superberry antioxidants,,,,
supple,,,,
supple skin -juniper,,,,
support,,neutral,low,
support elasticity,,,,
support skin’s resilience,,,,
support the skin barrier,,neutral,low,
supporting skin’s resilience,,,,
supports,,neutral,low,
supports barrier strength,,,,
supports natural elasticity,,,,
supports skin elasticity,,neutral,low,
supports skin elasticity and firmness,,,,
supports skin firmness,,,,
supports the appearance of skin elasticity,,,,
supports the skin barrier,,,,
sustainable,,neutral,low,
sustainable apple-saccharide superfood complex,,,,
sweet,,,,
sweet basil mint,,,,
sweet blue agave leaf,,,,
sweet citrus,,,,
sweet flag herb,,,,
swelling,,,,
swiss alpine flower,,,,
symcontrol,,,,
synergen recovery complex,,,,
synthetic,,,,
synthetic fluorphlogopite,,neutral,low,
synthetic sapphire,,,,
syringylidenemalonate,,,,
tahitian noni leaf,,,,
tapioca,,,,
tapioca and rice,,,,
targets moisture loss,,,,
targets oxidative stress,,,,
tartaric,,neutral,low,
tasmanian pepperberry,,,,
tasmanian pepperberry derivative,,,,
tatcha's signature hadasei-3,,neutral,low,
tazman pepper,,,,
tbhq,,,,
tea-cocoyl glutamate,,neutral,low,
tea-myristate,,,,
tea-palmitate,,,,
tea-stearate,,,,
teasel,,,,
telovitin,,,,
terminalia bellirica,,,,
terminalia ferdinandiana fruit powder,,neutral,low,
terpineol,,neutral,low,
tetra-di-t-butyl hydroxyhydrocinnamate,,,,
tetradecane,,,,
tetradibutyl pentaerithrityl hydroxyhydrocinnammate,,,,
tetraethylhexanoate,,,,
tetrapotassium pyrophosphate,"oily,pigmentation",good,medium,
tetrasodium pyrophosphate,"oily,pigmentation",good,medium,
texture,,neutral,low,
tfc8,,,,
the bubble mask,,,,
the list of ingredients is subject to change,,,,
the microdelivery peel step i,,,,
the microdelivery peel step ii,,,,
the miracle broth,,,,
the mud mask,,,,
the primer mask,,,,
the process which accelerates skin aging,,,,
theobroma cacao seed powder,,,,
theobroma grandiflorum,,,,
thermus thermophillus fer -ment,,,,
thiamin,,,,
three soothing ingredients,,,,
thylparaben,,,,
thymol,,neutral,low,
thymol trimethoxycinnamate,,neutral,low,
tiger grass,,neutral,low,
tightens,,,,
tightens pores,,,,
time in a bottle,,,,
tin oxide,,neutral,low,
tinospora cordifolia,,,,
tint-free,,,,
tocopeherol,,,,
tocophérol,,,,
tocos,,,,
tocotrenials,,,,
tomato fruit,,,,
tone,,,,
tonka bean bio-ferment,,,,
totarol,,neutral,low,
touch-activated bamboo spheres,,,,
tourmaline,,neutral,low,
toxins,,,,
trade secret strawberry flavor,,,,
trans-anethole [ -anethole],,,,
translucency,,,,
treat,,,,
treats dryness,,,,
tremella fuciformis,,,,
tremella fuciformis 1,,,,
tremella mushroom,,,,
tri hydrogenated trilinoleate,,,,
tri-behenin,,,,
tri-fermented complex,,neutral,low,
triacetin,,neutral,low,
tricalcium phosphate,,,,
triclosan,,,,
trideceth-10,,neutral,low,
trideceth-12,,neutral,low,
trideceth-9,,neutral,low,
triethanolmaine,,,,
triethoxysilylethyl,,,,
triethyhexanoin,,,,
triethylene glycol,,neutral,low,
trimethoxybenzylidene pentanedione,,,,
triphala [emblica officinalis,,,,
triphala powder [amla,,,,
tris-bht mesitylene,,,,
trisodium,,,,
trisodium dicarboxymethyl alaninate,,,,
trisodium ethylene diamine disuccinate,,,,
trisodium ethylenediamine,,,,
trisodium ethylenediamine disuccinate,,neutral,low,
trisodium ethylenediaminedisuccinate,,,,
trisodium sulfosuccinate,,neutral,low,
tromethamine,,neutral,low,
trométhamine,,,,
tropolone,,neutral,low,
tsubaki,,,,
turnip leaf,,,,
two naturally sourced plant sugars,,,,
txas,,,,
ubiquione,,,,
ultra hydrating emollient blend,,,,
ultramarine blue,,,,
unclog pores,,,,
unclogs pores,,neutral,low,
undaria pinnatifida,,,,
uneven skin tone,,,,
uneven texture,,,,
uneven tone,,neutral,low,
unique delivery matrix,,,,
universal vanishing tint,,,,
unsaponifiables,,,,
upcycled tangerine peel,,,,
upcycled tangerine peel and sugar beet,,,,
uv filters,,,,
uvb,,,,
vaccinium macrocarpon seed,,,,
vaccinium macrocarpon seed powder,,,,
valerian root,,,,
valeriana brunoniana,,,,
valeriana wallichii,,,,
vanilla apricot,,,,
vanilla planifolia fruit,,,,
vegan,,,,
vegan epidermal growth factors,,,,
vegan stem cells,,,,
vegetable capsule,,neutral,low,
vegetable derived,,,,
vegetarian capsule,,,,
vetiver,,,,
vibrant,,,,
viniferine,,,,
vinolevure,,,,
violet flower,,,,
violet no2,,,,
viper’s bugloss,,,,
visible firmness,,,,
visible wrinkles,,,,
vitamin,,,,
vitamin trio,,,,
vitamin-rich,,,,
vitamins,,neutral,low,
vitamins a and e,,,,
vitamins c and e,,neutral,low,
vitamins e and c,,,,
vitis vinifera (organic,,,,
volcanic clusters,,,,
volcanic postbiotic complex,,,,
wakame,,,,
which allows the hair to be well nourished,,,,
white,,,,
white cabbage,,,,
white horehound,,,,
white oak bark,,neutral,low,
white peony,,,,
white stargrass,,,,
white tea,,,,
white team,,,,
whiteheads,,,,
wild harvested nordic pine,,,,
wild indigo seed,,,,
wild rose,,neutral,low,
wildcrafted frankincense,,,,
willowherb,,,,
winged kelp,,,,
winter cherry,,,,
winter cherry and beta carotene,,,,
wiped off or removed,,,,
with hazel and raspberry leaf,,,,
with skin-soothing,,,,
withania somnifera,"wrinkle,sensitive",good,low,
woodbine,,,,
wrinkles,,neutral,low,
wrinkles and lines,,,,
wy),,,,
xanthangum,,,,
xiyuan jade,,,,
xylanase,,,,
xylityglucoside,,,,
xylityloglucoside,,,,
yellow 10 ci 47005,,,,
yellow 6 rds product name,,,,
yellow-fruit nightshade,,,,
yerba mate and guayusa,,,,
yuzu,,,,
zeaxanthin,,,,
zerumbet ginger,,,,
zingiber,,,,
zingiber officinale,,,,
ziziphus mauritiana,,,,
zostera marina pectin,,,,
éthylhexylglycérine,,,,
‎acorus calamus,,,,
