ingredient,source,skin_type,notes,confidence,effect
aqua water eau,manual,normal,solvent/base,high,neutral
2-hexanediol,manual,,,low,neutral
acrylates c10-30 alkyl acrylate crosspolymer,manual,normal,formulation,low,neutral
parfum fragrance,manual,sensitive,fragrance; may irritate,high,avoid
hydroxyethyl acrylate sodium acryloyldimethyl taurate copolymer,manual,normal,formulation,low,neutral
leuconostoc radish root ferment filtrate,manual,"pigmentation,wrinkle",ferment/probiotic,medium,good
ammonium acryloyldimethyltaurate vp copolymer,manual,normal,formulation,low,neutral
citral methyl anthranilate schiff base,manual,,,low,neutral
dimethicone vinyl dimethicone crosspolymer,manual,normal,formulation,low,neutral
alcohol denat,manual,"oily,sensitive",denat alcohol; can dry or irritate,high,avoid
pelargonium graveolens flower oil,manual,dry,emollient,low,good
sigesbeckia orientalis extract,manual,normal,botanical extract,low,good
citrus aurantium bergamia fruit oil,manual,dry,emollient,medium,good
citrus aurantium dulcis peel oil,manual,dry,emollient,low,good
yeast extract faex extrait de levure,manual,wrinkle,yeast,medium,good
parfum,manual,sensitive,fragrance; may irritate,high,avoid
dimethicone polyglycerin-3 crosspolymer,manual,"dry,normal",humectant,high,good
dimethicone peg-10 15 crosspolymer,manual,normal,formulation,low,neutral
hordeum vulgare extract extrait d'orge,manual,,,low,neutral
peg ppg-18 18 dimethicone,manual,normal,formulation,low,neutral
alpha-isomethyl ionone,manual,dry,humectant,high,good
capryloyl glycerin sebacic acid copolymer,manual,"dry,normal",humectant,high,good
citrus limon peel oil,manual,dry,emollient,low,good
vinyl dimethicone methicone silsesquioxane crosspolymer,manual,normal,formulation,low,neutral
polymethyl methacrylate,manual,normal,formulation,low,neutral
citrus grandis peel oil,manual,dry,emollient,low,good
citrus aurantium dulcis fruit extract,manual,"pigmentation,wrinkle",vitamin/antioxidant,low,good
red 4,manual,,,low,neutral
iron oxides (ci 77491,manual,normal,color,high,neutral
yeast amino acids,manual,,,low,neutral
aroma flavor,manual,sensitive,fragrance; may irritate,high,avoid
phytosteryl octyldodecyl lauroyl glutamate,manual,,,low,neutral
ci 77499),,,,low,neutral
sodium acrylate acryloyldimethyl taurate copolymer,manual,normal,formulation,low,neutral
rosmarinus officinalis leaf oil,manual,dry,emollient,low,good
saccharum officinarum extract,manual,normal,botanical extract,low,good
methyl methacrylate crosspolymer,manual,normal,formulation,low,neutral
propylene glycol dicaprate,manual,,,low,neutral
butylene ethylene copolymer,manual,normal,formulation,low,neutral
cetyl peg ppg-10 1 dimethicone,manual,normal,formulation,low,neutral
whey protein lactis protein proteine du petit-lait,manual,,,low,neutral
saccharomyces lysate extract,manual,"pigmentation,wrinkle",ferment/probiotic,medium,good
citrus limon fruit extract,manual,"pigmentation,wrinkle",vitamin/antioxidant,low,good
coco-caprylate caprate,manual,,,low,neutral
carthamus tinctorius seed oil,manual,dry,emollient,medium,good
lactobacillus portulaca oleracea ferment extract,manual,"pigmentation,wrinkle",ferment/probiotic,medium,good
ocimum sanctum leaf extract,manual,"dry,wrinkle",botanical extract,low,good
anthemis nobilis flower oil,manual,"dry,sensitive","soothing, anti-inflammatory",high,good
epilobium angustifolium flower leaf stem extract,manual,normal,botanical extract,low,good
hamamelis virginiana water,manual,"oily,sensitive","astringent, soothing",high,good
vitis vinifera fruit extract,manual,"pigmentation,wrinkle",vitamin/antioxidant,low,good
peg-200 hydrogenated castor oil ipdi copolymer,manual,normal,formulation,low,neutral
saccharomyces rice bran ferment filtrate extract,manual,"pigmentation,wrinkle",ferment/probiotic,medium,good
hdi trimethylol hexyllactone crosspolymer,manual,normal,formulation,low,neutral
camellia japonica seed oil aminopropanediol amides esters,manual,dry,emollient,medium,good
citrus paradisi,manual,,,low,neutral
citrus aurantium dulcis oil,manual,dry,emollient,low,good
styrene acrylates copolymer,manual,normal,formulation,low,neutral
no info,,,,low,neutral
paeonia suffruticosa root extract,manual,"sensitive,wrinkle",botanical,low,good
x c reticulata peel oil expressed,manual,dry,emollient,low,good
citrus aurantifolia peel extract,manual,normal,botanical extract,low,good
polyglyceryl-4 caprylate caprate,manual,,,low,neutral
methyl methacrylate trimethoxysilylpropyl methacrylate crosspolymer,manual,normal,formulation,low,neutral
simmondsia chinensis seed extract,manual,"dry,oily",balancing oil,high,good
saccharomyces cerevisiae extract,manual,"pigmentation,wrinkle",ferment/probiotic,medium,good
sodium acrylate sodium acryloyldimethyl taurate copolymer,manual,normal,formulation,low,neutral
yellow 6,manual,,,low,neutral
hydroxyproline,manual,,,low,neutral
hydrolyzed algin,manual,,,low,neutral
caprylic capric myristic stearic triglyceride,manual,,,low,neutral
vp eicosene copolymer,manual,normal,formulation,low,neutral
camellia oleifera seed oil hydrogenated camellia oleifera seed oil esters,manual,dry,emollient,medium,good
declustered water aqua eau de-structuree,manual,normal,solvent/base,high,neutral
gigartina stellata kappaphycus alvarezii extract,manual,normal,botanical extract,low,good
hydrogenated dimer dilinoleyl peg-41 poly -18 dimethyl ether,manual,normal,formulation,low,neutral
visit the dior boutique,,,,low,neutral
tasmannia lanceolata fruit leaf extract,manual,"dry,wrinkle",botanical extract,low,good
pogostemon cablin oil,manual,dry,emollient,low,good
chenopodium quinoa seed extract,manual,"dry,wrinkle",botanical,low,good
bambusa vulgaris leaf stem extract,manual,normal,botanical extract,low,good
mentha viridis leaf oil,manual,dry,humectant,high,good
propylene glycol dicaprylate dicaprate,manual,,,low,neutral
polyacrylate-13,manual,normal,formulation,low,neutral
polyglycerin-3,manual,"dry,normal",humectant,high,good
ppg-12 smdi copolymer,manual,normal,formulation,low,neutral
oryza sativa extract,manual,"dry,pigmentation","soothing, brightening",medium,good
citrus reticulata peel extract,manual,normal,botanical extract,low,good
lavandula hybrida oil,manual,sensitive,soothing (can irritate some),medium,good
phenoxyethanol * essential oil please be aware that ingredient lists may change or vary from time to time� please refer to the ingredient list on the product package you receive for the most up to date list of ingredients,manual,normal,preservative,medium,neutral
macadamia integrifolia tetraphylla seed oil,manual,dry,emollient,medium,good
agastache mexicana flower leaf stem extract,manual,normal,botanical extract,low,good
hippophae rhamnoides oil,manual,"dry,wrinkle","omega, vitamin",high,good
amyris balsamifera bark oil,manual,dry,emollient,low,good
molasses extract saccharum officinarum extrait de melasse,manual,,,low,neutral
glycine soja extract,manual,"pigmentation,wrinkle",antioxidant,medium,good
peg ppg-14 7 dimethyl ether,manual,normal,formulation,low,neutral
royal jelly extract,manual,"dry,wrinkle",nourishing,medium,good
dimethylacrylamide sodium acryloyldimethyltaurate crosspolymer,manual,normal,formulation,low,neutral
citrus nobilis peel oil,manual,dry,emollient,low,good
caprylyl caprylate caprate,manual,,,low,neutral
glyceryl acrylate acrylic acid copolymer,manual,normal,formulation,low,neutral
hamamelis virginiana extract,manual,"oily,sensitive","astringent, soothing",high,good
olea europaea fruit extract,manual,"pigmentation,wrinkle",vitamin/antioxidant,low,good
salvia officinalis leaf extract,manual,"dry,wrinkle",botanical extract,low,good
peg ppg-17 6 copolymer,manual,normal,formulation,low,neutral
glyceryl polyacrylate,manual,normal,formulation,low,neutral
daucus carota sativa root extract,manual,"sensitive,wrinkle",botanical,low,good
citrus medica limonum peel oil,manual,dry,emollient,low,good
jasminum officinale flower leaf extract,manual,"dry,wrinkle",botanical extract,low,good
potassium chloride,manual,normal,mineral,low,neutral
sea salt maris sal sel marin,manual,normal,mineral,low,neutral
ethylene acrylic acid copolymer,manual,normal,formulation,low,neutral
polyglyceryl-2 diisostearate ipdi copolymer,manual,normal,formulation,low,neutral
rosa canina fruit extract,manual,"dry,wrinkle","emollient, vitamin",high,good
palmitoyl hydroxypropyltrimonium amylopectin glycerin crosspolymer,manual,"dry,normal",humectant,high,good
cananga odorata flower oil,manual,dry,emollient,low,good
copper lysinate prolinate,manual,,,low,neutral
citrus medica limonum fruit extract,manual,"pigmentation,wrinkle",vitamin/antioxidant,low,good
t-butyl alcohol,manual,,,low,neutral
vitis vinifera juice extract,manual,normal,botanical extract,low,good
aesculus hippocastanum seed extract,manual,"dry,wrinkle",botanical,low,good
lactobacillus pumpkin fruit ferment filtrate,manual,"pigmentation,wrinkle",ferment/probiotic,medium,good
aloe barbadensis flower extract,manual,"dry,sensitive","soothing, hydrating",high,good
echinacea purpurea root extract,manual,dry,humectant,high,good
ci 77891 titanium dioxide,manual,normal,UV/color,high,neutral
cymbopogon martini oil,manual,dry,emollient,low,good
salvia sclarea oil,manual,dry,emollient,low,good
ribes nigrum seed oil,manual,dry,emollient,medium,good
phyllostachis bambusoides juice,manual,,,low,neutral
c12-20 alkyl glucoside,manual,,,low,neutral
stevia rebaudiana leaf stem extract,manual,normal,botanical extract,low,good
c12-16 alcohols,manual,,,low,neutral
cladosiphon okamuranus extract,manual,normal,botanical extract,low,good
pinus pinaster bark bud extract,manual,normal,botanical extract,low,good
citrus aurantifolia oil,manual,dry,emollient,low,good
diphenylsiloxy phenyl trimethicone,manual,,,low,neutral
candelilla jojoba rice bran polyglyceryl-3 esters,manual,"dry,oily",balancing oil,high,good
glycosyl trehalose,manual,dry,humectant,medium,good
alcaligenes polysaccharides,manual,,,low,neutral
pseudoalteromonas ferment extract,manual,"pigmentation,wrinkle",ferment/probiotic,medium,good
prunus amygdalus dulcis seed extract,manual,"dry,wrinkle",botanical,low,good
paeonia albiflora root extract,manual,"sensitive,wrinkle",botanical,low,good
rosa damascena extract,manual,"dry,sensitive","soothing, antioxidant",medium,good
polyglyceryl-2 diisostearate,manual,,,low,neutral
lactobacillus lycium chinense fruit extract ferment filtrate,manual,"pigmentation,wrinkle",ferment/probiotic,medium,good
citrus limon peel extract,manual,normal,botanical extract,low,good
olive oil olive fruit oil,manual,dry,emollient,medium,good
ascophyllum nodosum extract,manual,normal,botanical extract,low,good
hydrolyzed wheat protein pvp crosspolymer,manual,normal,formulation,low,neutral
dimethicone bis-isobutyl ppg-20 crosspolymer,manual,normal,formulation,low,neutral
green 5,manual,,,low,neutral
sodium phosphate,manual,,,low,neutral
aniba rosaeodora wood oil,manual,dry,emollient,low,good
visit the shiseido boutique,,,,low,neutral
sanguisorba officinalis root extract,manual,"sensitive,wrinkle",botanical,low,good
glyceryl behenate eicosadioate,manual,,,low,neutral
perilla ocymoides leaf extract,manual,"dry,wrinkle",botanical extract,low,good
opuntia tuna flower stem extract,manual,normal,botanical extract,low,good
lavandula angustifolia flower leaf stem extract,manual,sensitive,soothing (can irritate some),medium,good
dipentaerythrityl hexacaprylate hexacaprate,manual,,,low,neutral
daucus carota sativa seed oil,manual,dry,emollient,medium,good
camellia japonica seed oil,manual,dry,emollient,medium,good
peg-9 polydimethylsiloxyethyl dimethicone,manual,normal,formulation,low,neutral
mentha piperita leaf urtica dioica leaf extract,manual,dry,humectant,high,good
sh-polypeptide-1,manual,wrinkle,signal peptide,medium,good
camellia oleifera seed oil,manual,dry,emollient,medium,good
sh-oligopeptide-1,manual,wrinkle,signal peptide,medium,good
disodium stearoyl glutamate,manual,,,low,neutral
polyglyceryl-2 isostearate dimer dilinoleate copolymer,manual,normal,formulation,low,neutral
pvm ma decadiene crosspolymer,manual,normal,formulation,low,neutral
sanguisorba officinalis root stalk powder,manual,,,low,neutral
boswellia carterii oil,manual,dry,emollient,low,good
hamamelis virginiana leaf extract,manual,"oily,sensitive","astringent, soothing",high,good
artemisia princeps leaf extract,manual,"dry,wrinkle",botanical extract,low,good
lavandula angustifolia extract,manual,sensitive,soothing (can irritate some),medium,good
p-anisic acid,manual,,,low,neutral
raspberry seed oil tocopheryl succinate aminopropanediol esters,manual,dry,emollient,medium,good
lactobacillus pumpkin ferment extract,manual,"pigmentation,wrinkle",ferment/probiotic,medium,good
helianthus annuus seed extract,manual,dry,emollient,medium,good
octyldodecyl dilinoleic acid propanediol copolymer,manual,normal,formulation,low,neutral
visit the sephora collection boutique,,,,low,neutral
carthamus tinctorius oleosomes,manual,,,low,neutral
acrylates carbamate copolymer,manual,normal,formulation,low,neutral
sh-oligopeptide-2,manual,wrinkle,signal peptide,medium,good
polyglyceryl-3 polydimethylsiloxyethyl dimethicone,manual,normal,formulation,low,neutral
ethyl linoleate,manual,,,low,neutral
sodium propoxyhydroxypropyl thiosulfate silica,manual,,,low,neutral
moringa pterygosperma seed extract,manual,"dry,wrinkle",botanical,low,good
sh-polypeptide-9,manual,wrinkle,signal peptide,medium,good
polyglyceryl-10 oleate,manual,,,low,neutral
hippophae rhamnoides extract,manual,"dry,wrinkle","omega, vitamin",high,good
theobroma cacao extract,manual,normal,botanical extract,low,good
prunus mume fruit extract,manual,"pigmentation,wrinkle",vitamin/antioxidant,low,good
citrus aurantium amara flower water,manual,"dry,sensitive",botanical,low,good
methyl methacrylate glycol dimethacrylate crosspolymer,manual,normal,formulation,low,neutral
visit the lancôme boutique,,,,low,neutral
peg ppg-17 4 dimethyl ether,manual,normal,formulation,low,neutral
kappaphycus alvarezii extract,manual,normal,botanical extract,low,good
symphytum officinale leaf extract,manual,"dry,wrinkle",botanical extract,low,good
coleus barbatus extract,manual,normal,botanical extract,low,good
ceteth-20,manual,,,low,neutral
litsea cubeba fruit oil,manual,dry,emollient,medium,good
anthemis nobilis,manual,"dry,sensitive","soothing, anti-inflammatory",high,good
angelica keiskei leaf stem extract,manual,normal,botanical extract,low,good
peg-6 caprylic capric glycerides,manual,normal,formulation,low,neutral
ocimum basilicum flower leaf extract,manual,"dry,wrinkle",botanical extract,low,good
padina pavonica thallus extract,manual,normal,botanical extract,low,good
lactobacillus papaya fruit ferment extract,manual,"pigmentation,wrinkle",ferment/probiotic,medium,good
avobenzone 300%,manual,,,low,neutral
bacillus sea salt ferment extract filtrate,manual,"pigmentation,wrinkle",ferment/probiotic,medium,good
saccharomyces xylinum black tea ferment,manual,"pigmentation,wrinkle",ferment/probiotic,medium,good
dimethicone silylate,manual,normal,formulation,low,neutral
vaccinium myrtillus fruit leaf extract,manual,"dry,wrinkle",botanical extract,low,good
eucalyptus globulus leaf extract,manual,"dry,wrinkle",botanical extract,low,good
inulin lauryl carbamate,manual,,,low,neutral
camellia sinensis leaf powder,manual,"oily,wrinkle",antioxidant,high,good
hydroxypropyl bispalmitamide mea,manual,,,low,neutral
peg-14m,manual,normal,formulation,low,neutral
aloe barbadensis leaf water,manual,"dry,sensitive","soothing, hydrating",high,good
phytosteryl behenyl dimer dilinoleate,manual,,,low,neutral
lavender oil,manual,sensitive,soothing (can irritate some),medium,good
lycium chinense fruit extract,manual,"pigmentation,wrinkle",vitamin/antioxidant,low,good
isodonis japonicus leaf stalk extract,manual,normal,botanical extract,low,good
dimethicone crosspolymer-3,manual,normal,formulation,low,neutral
arginine lysine polypeptide,manual,wrinkle,signal peptide,medium,good
sodium acryloyldimethyl taurate copolymer,manual,normal,formulation,low,neutral
octinoxate 75%,manual,,,low,neutral
microcitrus australasica fruit extract,manual,"pigmentation,wrinkle",vitamin/antioxidant,low,good
gardenia florida fruit extract,manual,"pigmentation,wrinkle",vitamin/antioxidant,low,good
leontopodium alpinum flower leaf extract,manual,"dry,wrinkle",botanical extract,low,good
lactobacillus soybean ferment extract,manual,"pigmentation,wrinkle",ferment/probiotic,medium,good
angelica acutiloba root extract,manual,"sensitive,wrinkle",botanical,low,good
saccharomyces magnesium ferment hydrolysate,manual,"pigmentation,wrinkle",ferment/probiotic,medium,good
santalum album oil,manual,dry,emollient,low,good
phytosteryl canola glycerides,manual,,,low,neutral
morus alba fruit extract,manual,pigmentation,brightening,medium,good
betula alba extract,manual,normal,botanical extract,low,good
ext violet 2,manual,,,low,neutral
citrus paradisi peel oil,manual,dry,emollient,low,good
citrus aurantium dulcis peel extract,manual,normal,botanical extract,low,good
saccharomyces copper ferment lysate filtrate,manual,"pigmentation,wrinkle",ferment/probiotic,medium,good
beheneth-20,manual,,,low,neutral
bacillus soybean ferment extract,manual,"pigmentation,wrinkle",ferment/probiotic,medium,good
camellia sinensis leaf water,manual,"oily,wrinkle",antioxidant,high,good
avobenzone 30%,manual,,,low,neutral
tocopheryl linoleate oleate,manual,"dry,wrinkle",antioxidant,high,good
peg-240 hdi copolymer bis-decyltetradeceth-20 ether,manual,normal,formulation,low,neutral
cucumber fruit extract,manual,"dry,sensitive","soothing, hydrating",medium,good
corn starch,manual,,,low,neutral
octisalate 500%,manual,,,low,neutral
citrus aurantium amara peel extract,manual,normal,botanical extract,low,good
laureth-12,manual,,,low,neutral
acrylates steareth-20 methacrylate copolymer,manual,normal,formulation,low,neutral
olea europaea oil,manual,dry,emollient,medium,good
eugenia caryophyllus leaf oil,manual,dry,emollient,low,good
hydrolyzed yeast protein,manual,,,low,neutral
bacillus prunus mume fruit extract ferment filtrate,manual,"pigmentation,wrinkle",ferment/probiotic,medium,good
sodium sulfate,manual,,,low,neutral
ppg-6-decyltetradeceth-30,manual,normal,formulation,low,neutral
biotin folic acid cyanocobalamin niacinamide pantothenic acid pyridoxine riboflavin thiamine yeast polypeptides,manual,"oily,pigmentation","brightening, barrier",high,good
polymethylsilsesquioxane silica crosspolymer,manual,normal,formulation,low,neutral
centaurea cyanus flower extract,manual,dry,humectant,high,good
dimethyl sulfone,manual,,,low,neutral
camellia sinensis leaf,manual,"oily,wrinkle",antioxidant,high,good
sucrose palmitate,manual,,,low,neutral
vanillin,manual,,,low,neutral
iron oxide,manual,normal,color,high,neutral
aroma,manual,,,low,neutral
leuconostoc ferment filtrate,manual,"pigmentation,wrinkle",ferment/probiotic,medium,good
saccharomyces camellia sinensis leaf cladosiphon okamuranus rice ferment filtrate,manual,"pigmentation,wrinkle",ferment/probiotic,medium,good
mangifera indica fruit extract,manual,"pigmentation,wrinkle",vitamin/antioxidant,low,good
iron oxides (ci 77492,manual,normal,color,high,neutral
glyceryl undecylenate,manual,,,low,neutral
poloxamer 338,manual,,,low,neutral
chondrus crispus powder,manual,,,low,neutral
natural fragrance,manual,sensitive,fragrance; may irritate,high,avoid
adipic acid neopentyl glycol crosspolymer,manual,normal,formulation,low,neutral
jojoba wax peg-120 esters,manual,"dry,oily",balancing oil,high,good
brassica campestris aleurites fordi oil copolymer,manual,normal,formulation,low,neutral
gardenia tahitensis flower extract,manual,"dry,sensitive",botanical,low,good
ci 42090 blue 1,manual,,,low,neutral
salvia officinalis oil,manual,dry,emollient,low,good
lauryl peg ppg-18 18 methicone,manual,normal,formulation,low,neutral
ci 77499)],,,,low,neutral
cinnamomum camphora bark oil,manual,dry,emollient,low,good
foeniculum vulgare seed extract,manual,"dry,wrinkle",botanical,low,good
hydroxyethyl acrylate,manual,normal,formulation,low,neutral
sucrose tetrastearate triacetate,manual,,,low,neutral
honey mel miel,manual,"dry,sensitive","humectant, soothing",medium,good
viola odorata flower leaf extract,manual,"dry,wrinkle",botanical extract,low,good
opuntia ficus-indica extract,manual,normal,botanical extract,low,good
visit the perricone md boutique,,,,low,neutral
cetyl phosphate,manual,,,low,neutral
illicium verum fruit seed oil,manual,dry,emollient,medium,good
glycolipids,manual,,,low,neutral
octinoxate 750%,manual,,,low,neutral
melissa officinalis leaf extract,manual,"dry,wrinkle",botanical extract,low,good
tyrosine,manual,,,low,neutral
magnesium oxide,manual,normal,mineral,low,neutral
sodium starch octenylsuccinate,manual,,,low,neutral
ingredients from organic farming **clinical grade essential oils blend,manual,,,low,neutral
leptospermum scoparium branch leaf oil,manual,dry,emollient,low,good
macadamia integrifolia seed oil,manual,dry,emollient,medium,good
hydrogenated styrene isoprene copolymer,manual,normal,formulation,low,neutral
sesamum indicum seed extract,manual,"dry,wrinkle",botanical,low,good
hydrolyzed phyllostachis bambusoides,manual,,,low,neutral
polysilicone-2,manual,,,low,neutral
peg-11 methyl ether dimethicone,manual,normal,formulation,low,neutral
pvp hexadecene copolymer,manual,normal,formulation,low,neutral
gellidiella acerosa extract,manual,normal,botanical extract,low,good
eugenia caryophyllus bud oil,manual,dry,emollient,low,good
caprylic capric glycerides polyglyceryl-10 esters,manual,dry,emollient,low,good
visit the estée lauder boutique,,,,low,neutral
visit the philosophy boutique,,,,low,neutral
geranium maculatum oil,manual,dry,emollient,low,good
anigozanthos flavidus flower leaf extract,manual,"dry,wrinkle",botanical extract,low,good
poly c10-30 alkyl acrylate,manual,normal,formulation,low,neutral
polyglyceryl-2 dipolyhydroxystearate,manual,,,low,neutral
pinus pinaster bark extract,manual,wrinkle,antioxidant,low,good
citronnellol,manual,,,low,neutral
chamomilla recutita flower oil,manual,"dry,sensitive","soothing, anti-inflammatory",high,good
ptychopetalum olacoides bark stem extract,manual,normal,botanical extract,low,good
magnesium aluminum sylicate,manual,normal,mineral,low,neutral
rice amino acids,manual,,,low,neutral
rosmarinus officinalis,manual,,,low,neutral
isocetyl stearoyl stearate,manual,,,low,neutral
iris florentina root extract,manual,"sensitive,wrinkle",botanical,low,good
biosaccharide gum - 1,manual,normal,thickener,low,neutral
propolis extract,manual,"dry,sensitive","soothing, antibacterial",medium,good
fragrance parfum,manual,sensitive,fragrance; may irritate,high,avoid
cassia alata leaf extract,manual,"dry,wrinkle",botanical extract,low,good
maris sal,manual,normal,mineral,low,neutral
vanillyl butyl ether,manual,,,low,neutral
ammonium acryloyldimethyltaurate beheneth-25 methacrylate crosspolymer,manual,normal,formulation,low,neutral
polyquaternium-4 hydroxypropyl starch copolymer,manual,normal,formulation,low,neutral
peg-150 pentaerythrityl tetrastearate,manual,normal,formulation,low,neutral
pvm ma copolymer,manual,normal,formulation,low,neutral
camellia sinensis flower extract,manual,"oily,wrinkle",antioxidant,high,good
cupressus sempervirens branch leaf oil,manual,dry,emollient,low,good
leaf extract,manual,"dry,wrinkle",botanical extract,low,good
polyglyceryl-3 lactate laurate,manual,,,low,neutral
alchemilla vulgaris leaf extract,manual,"dry,wrinkle",botanical extract,low,good
disodium polyglyceryl-3 caprate caprylate sulfosuccinate,manual,,,low,neutral
faex yeast extract extrait de levure,manual,wrinkle,yeast,medium,good
sapindus mukurossi fruit extract,manual,"pigmentation,wrinkle",vitamin/antioxidant,low,good
monascus dioscorea japonica root ferment extract filtrate,manual,"pigmentation,wrinkle",ferment/probiotic,medium,good
sucrose polystearate,manual,,,low,neutral
nymphaea alba flower extract,manual,"dry,sensitive",botanical,low,good
peg ppg polybutylene glycol-8 5 3 glycerin,manual,"dry,normal",humectant,high,good
ormenis multicaulis oil,manual,dry,emollient,low,good
c10-30 cholesterol lanosterol esters,manual,dry,emollient,low,good
polygycerin-3,manual,,,low,neutral
water aqua eau,manual,normal,solvent/base,high,neutral
visit the clarins boutique,,,,low,neutral
ferula galbaniflua resin oil,manual,dry,emollient,low,good
citrus aurantium amara flower oil,manual,dry,emollient,low,good
polybutylene glycol ppg-9 1 copolymer,manual,normal,formulation,low,neutral
mentha piperita leaf extract,manual,dry,humectant,high,good
persea gratissima fruit extract,manual,"dry,wrinkle",emollient,medium,good
lachancea hydrolyzed germinated rice grain ferment lysate filtrate,manual,"pigmentation,wrinkle",ferment/probiotic,medium,good
cinnamal,manual,,,low,neutral
l-tyrosine,manual,,,low,neutral
ci 77491 iron oxides,manual,normal,color,high,neutral
linalool *plant origin,manual,,,low,neutral
limonium vulgare flower leaf stem extract,manual,normal,botanical extract,low,good
aspergillus rice ferment extract,manual,"pigmentation,wrinkle",ferment/probiotic,medium,good
perfluoroperhydrophenanthrene,manual,,,low,neutral
fd&c yellow no 5,manual,,,low,neutral
nylon-6 12,manual,,,low,neutral
chamomilla recutita,manual,"dry,sensitive","soothing, anti-inflammatory",high,good
myrtus communis oil,manual,dry,emollient,low,good
[+ - mica,manual,normal,color,medium,neutral
peg-10 dimethicone vinyl dimethicone crosspolymer,manual,normal,formulation,low,neutral
ci 77499 iron oxides,manual,normal,color,high,neutral
trifolium pratense flower extract,manual,"dry,sensitive",botanical,low,good
paeonia lactiflora root extract,manual,"sensitive,wrinkle",botanical,low,good
phenoxyethanol *hadasei-3,manual,normal,preservative,medium,neutral
octisalate 45%,manual,,,low,neutral
shea butter ethyl esters,manual,dry,emollient,high,good
sodium cocoyl sarcosinate,manual,,,low,neutral
darutoside,manual,,,low,neutral
arabidopsis thaliana extract,manual,normal,botanical extract,low,good
schizandra chinensis fruit extract,manual,"pigmentation,wrinkle",vitamin/antioxidant,low,good
ci 77492 iron oxides,manual,normal,color,high,neutral
laminaria japonica extract,manual,normal,botanical extract,low,good
polysorbate-20,manual,,,low,neutral
bis-benzyl butylene glycol ipdi copolymer,manual,normal,formulation,low,neutral
sea water opuntia ficus-indica fruit ferment extract,manual,"pigmentation,wrinkle",ferment/probiotic,medium,good
choleth-24,manual,,,low,neutral
raspberry ketone,manual,,,low,neutral
peg-15 lauryl dimethicone crosspolymer,manual,normal,formulation,low,neutral
#name?,,,,low,neutral
acrylates ethylhexyl acrylate dimethicone methacrylate copolymer,manual,normal,formulation,low,neutral
bis-peg ppg-16 16 peg ppg-16 16 dimethicone,manual,normal,formulation,low,neutral
polyglyceryl-10 myristate,manual,,,low,neutral
lactobacillus honeysuckle flower licorice root morus alba root pueraria lobata root schizandra chinensis fruit scutellaria baicalensis root sophora japonica flower extract ferment filtrate,manual,"pigmentation,sensitive","soothing, brightening",high,good
phenoxyethanol *essential oil,manual,normal,preservative,medium,neutral
egf,manual,,,low,neutral
centaurea cyanus flower water,manual,dry,humectant,high,good
biosaccharide gum-2,manual,normal,thickener,low,neutral
lemon fruit extract,manual,"pigmentation,wrinkle",vitamin/antioxidant,low,good
pinus sylvestris leaf oil,manual,dry,emollient,low,good
citrullus lanatus fruit,manual,,,low,neutral
cupressus sempervirens leaf nut stem oil,manual,dry,emollient,low,good
visit the clinique boutique,,,,low,neutral
artemisia vulgaris extract,manual,normal,botanical extract,low,good
disodium acetyl glucosamine phosphate,manual,,,low,neutral
rubus idaeus seed oil,manual,dry,emollient,medium,good
citrus reticulata peel oil,manual,dry,emollient,low,good
alchemilla vulgaris extract,manual,normal,botanical extract,low,good
polygonatum officinale rhizome root extract,manual,"sensitive,wrinkle",botanical,low,good
passiflora edulis fruit extract,manual,"pigmentation,wrinkle",vitamin/antioxidant,low,good
acrylates octylacrylamide copolymer,manual,normal,formulation,low,neutral
isocetyl stearate,manual,,,low,neutral
pinus nigra bud needle extract,manual,normal,botanical extract,low,good
vp hexadecene copolymer,manual,normal,formulation,low,neutral
santalum album wood extract,manual,normal,botanical extract,low,good
piper nigrum fruit oil,manual,dry,emollient,medium,good
ziziphus jujuba fruit extract,manual,"pigmentation,wrinkle",vitamin/antioxidant,low,good
neopentyl glycol dicaprylate dicaprate,manual,,,low,neutral
melia azadirachta seed oil,manual,dry,emollient,medium,good
sucrose distearate,manual,,,low,neutral
aluminum distearate,manual,,,low,neutral
orange 4,manual,,,low,neutral
passiflora incarnata fruit extract,manual,"pigmentation,wrinkle",vitamin/antioxidant,low,good
annatto,manual,,,low,neutral
almond borage linseed olive acids glycerides,manual,,,low,neutral
trimethylolpropane tricaprylate tricaprate,manual,,,low,neutral
thymus vulgaris flower leaf oil,manual,dry,emollient,low,good
thymus vulgaris flower leaf extract,manual,"dry,wrinkle",botanical extract,low,good
mica * essential oil please be aware that ingredient lists may change or vary from time to time� please refer to the ingredient list on the product package you receive for the most up to date list of ingredients,manual,normal,color,medium,neutral
benzyl glycol,manual,,,low,neutral
visit the guerlain boutique,,,,low,neutral
caprylic capric succinic triglyceride,manual,,,low,neutral
vinyl dimethicone lauryl dimethicone crosspolymer,manual,normal,formulation,low,neutral
lactobacillus dipteryx odorata seed ferment filtrate,manual,"pigmentation,wrinkle",ferment/probiotic,medium,good
biosaccharide gum-4,manual,normal,thickener,low,neutral
coco caprylate caprate,manual,,,low,neutral
pentaerythrityl tetracaprylate tetracaprate,manual,,,low,neutral
acryloyldimethyl taurate copolymer,manual,normal,formulation,low,neutral
triethoxycaprylysilane,manual,,,low,neutral
capric pca glycerides,manual,,,low,neutral
polyglyceryl-10 caprylate caprate,manual,,,low,neutral
borago officinalis oil,manual,dry,emollient,low,good
disodium peg-8 glyceryl caprylate caprate,manual,normal,formulation,low,neutral
polyester-1,manual,dry,emollient,low,good
"1,2- hexanediol",manual,,,low,neutral
beeswax cera alba cire d'abeille,manual,dry,emollient/barrier,low,good
lactobacillus,manual,"pigmentation,wrinkle",ferment/probiotic,medium,good
alanyl glutamine,manual,,,low,neutral
verbena officinalis extract,manual,normal,botanical extract,low,good
ci 19140 yellow 5,manual,,,low,neutral
oil,manual,dry,emollient,low,good
caesalpinia spinosa fruit extract,manual,"pigmentation,wrinkle",vitamin/antioxidant,low,good
polyglyceryl-4 diisostearate polyhydroxystearate sebacate,manual,,,low,neutral
dioscorea japonica root extract,manual,"sensitive,wrinkle",botanical,low,good
origanum majorana leaf extract,manual,"dry,wrinkle",botanical extract,low,good
rosa damascena flower wax,manual,"dry,sensitive","soothing, antioxidant",medium,good
olive fruit oil,manual,dry,emollient,medium,good
diethoxyethyl succinate,manual,,,low,neutral
sorbitan sesquiisostearate,manual,,,low,neutral
pancratium maritimum extract,manual,normal,botanical extract,low,good
thymus citriodorus flower leaf extract,manual,"dry,wrinkle",botanical extract,low,good
cistus ladaniferus leaf stem extract,manual,normal,botanical extract,low,good
rice bran oil,manual,dry,emollient,low,good
bis-peg ppg-14 14 dimethicone,manual,normal,formulation,low,neutral
citrus tangerina peel oil,manual,dry,emollient,low,good
phenoxyethanol please be aware that ingredient lists may change or vary from time to time please refer to the ingredient list on the product package you receive for the most up to date list of ingredients,manual,normal,preservative,medium,neutral
lactobacillus zizyphus jujuba seed ferment filtrate extract,manual,"pigmentation,wrinkle",ferment/probiotic,medium,good
hydroxyethyl acrylate sodium,manual,normal,formulation,low,neutral
vinyl dimethicone crosspolymer,manual,normal,formulation,low,neutral
ethylene methacrylate copolymer,manual,normal,formulation,low,neutral
eau),manual,normal,solvent/base,high,neutral
turmeric root extract,manual,"sensitive,wrinkle",botanical,low,good
lapsana communis flower leaf stem extract,manual,normal,botanical extract,low,good
jojoba seed oil,manual,dry,emollient,medium,good
avena sativa kernel flour,manual,"dry,sensitive","soothing, moisturizing",high,good
sh-polypeptide-11,manual,wrinkle,signal peptide,medium,good
witch hazel water,manual,"oily,sensitive","astringent, soothing",high,good
polyglyceryl-10 behenate eicosadioate,manual,,,low,neutral
acrylates palmeth-25 acrylate copolymer,manual,normal,formulation,low,neutral
visit the ren clean skincare boutique,,,,low,neutral
nasturtium officinale flower leaf extract,manual,"dry,wrinkle",botanical extract,low,good
glyceryl oleate citrate,manual,,,low,neutral
sodium acrylates acrylonitrogens copolymer,manual,normal,formulation,low,neutral
gossypium herbaceum extract,manual,normal,botanical extract,low,good
c30-38 olefin isopropyl maleate ma copolymer,manual,normal,formulation,low,neutral
glycosphingolipids,manual,,,low,neutral
saccharina angustata undaria pinnatifida extract,manual,normal,botanical extract,low,good
thymus serpyllum extract,manual,normal,botanical extract,low,good
vp copolymer,manual,normal,formulation,low,neutral
titanium dioxide * essential oil please be aware that ingredient lists may change or vary from time to time� please refer to the ingredient list on the product package you receive for the most up to date list of ingredients,manual,normal,UV/color,high,neutral
hydrogenated palm glycerides citrate,manual,,,low,neutral
lactobacillus lemon peel ferment extract,manual,"pigmentation,wrinkle",ferment/probiotic,medium,good
c12-14 pareth-12,manual,,,low,neutral
eugenia caryophyllus leaf,manual,,,low,neutral
"1,2 hexanediol",manual,,,low,neutral
glyceryl triacetyl ricinoleate,manual,,,low,neutral
water glycerin,manual,normal,solvent/base,high,neutral
copaifera officinalis resin,manual,,,low,neutral
elettaria cardamomum seed oil,manual,dry,emollient,medium,good
phenoxyethanol please be aware that ingredient lists may change or vary from time to time� please refer to the ingredient list on the product package you receive for the most up to date list of ingredients,manual,normal,preservative,medium,neutral
meadowfoam estolide,manual,,,low,neutral
limonene *napiers original formula **fragrances of natural origin,manual,sensitive,fragrance; may irritate,high,avoid
citrusgrandis peel oil,manual,dry,emollient,low,good
sapindus mukorossi fruit extract,manual,"pigmentation,wrinkle",vitamin/antioxidant,low,good
mandarin orange peel oil,manual,dry,emollient,low,good
oxybenzone 250%,manual,,,low,neutral
eucalyptus globulus leaf powder,manual,,,low,neutral
myrtus communis leaf water,manual,"dry,wrinkle",botanical extract,low,good
isostearyl alcohol,manual,,,low,neutral
lavandula angustifolia flower extract,manual,sensitive,soothing (can irritate some),medium,good
palm kernel coco glucoside,manual,,,low,neutral
ammonium polyacryldimethyltauramide,manual,,,low,neutral
trifluoroacetyl tripeptide-2,manual,wrinkle,signal peptide,medium,good
trimethylpentanediol adipic acid copolymer,manual,normal,formulation,low,neutral
lactobacillus watermelon fruit ferment extract,manual,"pigmentation,wrinkle",ferment/probiotic,medium,good
furcellaria lumbricalis extract,manual,normal,botanical extract,low,good
lepidium meyenii root extract,manual,"sensitive,wrinkle",botanical,low,good
xantham gum,manual,normal,thickener,low,neutral
hamamelis virginiana flower water,manual,"oily,sensitive","astringent, soothing",high,good
homosalate 500%,manual,,,low,neutral
visit the jack black boutique,,,,low,neutral
anthemis nobilis oil,manual,"dry,sensitive","soothing, anti-inflammatory",high,good
grapefruit peel oil,manual,dry,emollient,low,good
ci 77492),,,,low,neutral
octisalate 400%,manual,,,low,neutral
hedera helix extract,manual,normal,botanical extract,low,good
visit the laura mercier boutique,,,,low,neutral
sodium tea c12-13 pareth-3 sulfate,manual,,,low,neutral
caprylic caprictriglyceride,manual,,,low,neutral
mentha piperita extract,manual,dry,humectant,high,good
fragrance+,manual,sensitive,fragrance; may irritate,high,avoid
acacia decurrens jojoba sunflower seed wax polyglyceryl-3 esters,manual,"dry,oily",balancing oil,high,good
maris aqua,manual,,,low,neutral
caprylic capric triglycerides,manual,,,low,neutral
polypropylsilsesquioxane,manual,,,low,neutral
violet 2,manual,,,low,neutral
willow bark extract,manual,wrinkle,antioxidant,low,good
acetyl hexapeptide-30,manual,wrinkle,signal peptide,medium,good
hexapeptide-2,manual,wrinkle,signal peptide,medium,good
lactobacillus water hyacinth ferment,manual,"pigmentation,wrinkle",ferment/probiotic,medium,good
lauryl dimethicone polyglycerin-3 crosspolymer,manual,"dry,normal",humectant,high,good
dibutyl lauroyl glutamide,manual,,,low,neutral
copolymer,manual,normal,formulation,low,neutral
opuntia tuna extract,manual,normal,botanical extract,low,good
ammonium acryloyldimethyltaurate,manual,,,low,neutral
peg ppg-20 15 dimethicone,manual,normal,formulation,low,neutral
gaultheria procumbens leaf extract,manual,"dry,wrinkle",botanical extract,low,good
divinyldimethicone dimethicone copolymer,manual,normal,formulation,low,neutral
pheonix dactylifera seed extract,manual,"dry,wrinkle",botanical,low,good
spirulina platensis extract,manual,normal,botanical extract,low,good
fruit extract,manual,"pigmentation,wrinkle",vitamin/antioxidant,low,good
morus nigra fruit extract,manual,"pigmentation,wrinkle",vitamin/antioxidant,low,good
glycyl glycine,manual,,,low,neutral
gardenia florida flower extract,manual,"dry,sensitive",botanical,low,good
iron oxides ],manual,normal,color,high,neutral
plant origin,manual,,,low,neutral
lespedeza capitata leaf stem extract,manual,normal,botanical extract,low,good
cupressus sempervirens leaf stem extract,manual,normal,botanical extract,low,good
bacillus folic acid ferment filtrate extract,manual,"pigmentation,wrinkle",ferment/probiotic,medium,good
theobroma cacao seed extract,manual,"dry,wrinkle",botanical,low,good
citrus aurantifolia extract,manual,normal,botanical extract,low,good
hydroxyethyl acrylate sodium acryloyl dimethyl taurate copolymer,manual,normal,formulation,low,neutral
brassica oleracea leaf extract,manual,"dry,wrinkle",botanical extract,low,good
perilla aldehyde,manual,,,low,neutral
methyl dihydroabietate,manual,,,low,neutral
octisalate 50%water,manual,,,low,neutral
citrus tangerina peel extract,manual,normal,botanical extract,low,good
triticum vulgare extract,manual,normal,botanical extract,low,good
camellia sinensis extract,manual,"oily,wrinkle",antioxidant,high,good
sodium acrylate acryloyldimethyltaurate dimethylacrylamide crosspolymer,manual,normal,formulation,low,neutral
laureth-2,manual,,,low,neutral
"melia azadirachta flower extract,coccinia indica fruit extract",manual,"dry,sensitive",botanical,low,good
butyrospermum parkii butter extract extract),manual,dry,emollient,high,good
tocopheryl ac- etate,manual,"dry,wrinkle",antioxidant,high,good
yucca schidigera leaf root stem extract,manual,normal,botanical extract,low,good
prunus domestica fruit extract,manual,"pigmentation,wrinkle",vitamin/antioxidant,low,good
visit the eve lom boutique,,,,low,neutral
baptisia tinctoria root extract+,manual,"sensitive,wrinkle",botanical,low,good
cymbopogon citratus leaf oil,manual,dry,emollient,low,good
silicones,manual,,,low,neutral
carob gum,manual,normal,thickener,low,neutral
ethylene va copolymer,manual,normal,formulation,low,neutral
visit the foreo boutique,,,,low,neutral
glycereth-7 caprylate caprate,manual,,,low,neutral
octocrylene 270%water,manual,,,low,neutral
energizes,manual,,,low,neutral
sal marin),manual,,,low,neutral
ci 15985 yellow 6,manual,,,low,neutral
sugar cane extract,manual,normal,botanical extract,low,good
tripeptide-10 citrulline,manual,wrinkle,signal peptide,medium,good
sophora japonica flower extract,manual,"dry,sensitive",botanical,low,good
butyrospermum parkii butter shea butter,manual,dry,emollient,high,good
copper palmitoyl heptapeptide-14,manual,wrinkle,signal peptide,medium,good
phenoxyethano,manual,,,low,neutral
aleurites moluccana nut oil,manual,dry,emollient,medium,good
sodium benzoate step two: water,manual,,,low,neutral
epilobium angustifolium flower\leaf\stem extract,manual,normal,botanical extract,low,good
12-hexanediol,manual,,,low,neutral
100% unrefined sclerocraya birrea kernel oil,manual,dry,emollient,medium,good
helichrysum italicum flower stem extract,manual,normal,botanical extract,low,good
acrylates beheneth-25 methacrylate copolymer,manual,normal,formulation,low,neutral
homosalate 50%,manual,,,low,neutral
rosa gallica extract,manual,normal,botanical extract,low,good
metacrylate,manual,normal,formulation,low,neutral
benzyl alochol,manual,,,low,neutral
synthetic ahas bhas,manual,oily,exfoliant,high,good
acrylates vinyl isodecanoate crosspolymer,manual,normal,formulation,low,neutral
c12-22 alkyl acrylate hydroxyethylacrylate copolymer,manual,normal,formulation,low,neutral
c50-45 alkyl cetearyl dimethicone crosspolymer,manual,normal,formulation,low,neutral
annuus seed oil,manual,dry,emollient,medium,good
anacyclus pyrethrum root extract,manual,"sensitive,wrinkle",botanical,low,good
cetylhydroxyproline palmitamide,manual,,,low,neutral
bromates,manual,,,low,neutral
hydrogenated vegetable glycerides,manual,,,low,neutral
titanium dioxide 730%,manual,normal,UV/color,high,neutral
polyglyceryl-3 caprate,manual,,,low,neutral
polyglyceryl-4 laurate succinate,manual,,,low,neutral
fumarates,manual,,,low,neutral
vitis vinif- era seed oil,manual,dry,emollient,medium,good
"caprylic capric triglyceride,propanediol",manual,,,low,neutral
nylon,manual,,,low,neutral
vinyl caprolactam vp dimethylaminoethyl methacrylate copolymer,manual,normal,formulation,low,neutral
beta vulgaris beet root extract extrait de racine de betterave,manual,"sensitive,wrinkle",botanical,low,good
africana fruit extract,manual,"pigmentation,wrinkle",vitamin/antioxidant,low,good
butylphenyl,manual,,,low,neutral
acer saccarum extract,manual,normal,botanical extract,low,good
organic brassica oleracea leaf extract,manual,"dry,wrinkle",botanical extract,low,good
rosemary leaf oil,manual,dry,emollient,low,good
citrus paradisi seed extract,manual,"dry,wrinkle",botanical,low,good
hdi ppg polycaprolactone crosspolymer,manual,normal,formulation,low,neutral
zanthoxylum piperitum peel extract,manual,normal,botanical extract,low,good
citrus aurantium amara flower wax,manual,dry,emollient/barrier,low,good
pentaerythrityl tetrabehenate benzoate ethylhexanoate,manual,,,low,neutral
sea salt (maris sal,manual,normal,mineral,low,neutral
cire dabeille,manual,,,low,neutral
aliphatic alcohols hydrocarbons,manual,,,low,neutral
schinziophyton rautanenii kernel oil,manual,dry,emollient,medium,good
solanum lycopersicum fruit leaf stem extract,manual,normal,botanical extract,low,good
bis propane bisaminomethylnorbornane copolymer,manual,normal,formulation,low,neutral
green 3,manual,,,low,neutral
acrylates polytrimethylsiloxymethacrylate copolymer,manual,normal,formulation,low,neutral
"linalool,citronellol",manual,,,low,neutral
microcristallina cera microcrystalline wax cire microcrystalline,manual,dry,emollient/barrier,low,good
pseudozyma epicola camellia japonica seed oil ferment extract filtrate,manual,dry,emollient,medium,good
77499),manual,,,low,neutral
lactobacillus arundinaria gigantea leaf ferment filtrate,manual,"pigmentation,wrinkle",ferment/probiotic,medium,good
lactobacillus arundinaria gigantea ferment filtrate,manual,"pigmentation,wrinkle",ferment/probiotic,medium,good
dicapryl carbonate,manual,,,low,neutral
beta carotene,manual,,,low,neutral
cera alba beeswax cire d'abeille,manual,dry,emollient/barrier,low,good
lemon peel oil,manual,dry,emollient,low,good
rhus verniciflua peel wax,manual,dry,emollient/barrier,low,good
sesamum indicum oil,manual,dry,emollient,low,good
mentha arvensis oil,manual,dry,humectant,high,good
melaleuca alternifolia leaf extract,manual,"dry,wrinkle",botanical extract,low,good
hungarian thermal water,manual,,,low,neutral
usnea barbata extract,manual,normal,botanical extract,low,good
c30 hydrocarbons,manual,,,low,neutral
calcium sulfate step 02 brightening liquid ampoule: water,manual,normal,mineral,low,neutral
lavandula angustifolia flower leaf stem water,manual,sensitive,soothing (can irritate some),medium,good
coco glucoside,manual,,,low,neutral
glycyrrhiza glabra rhizome root,manual,"pigmentation,sensitive","soothing, brightening",high,good
dea,manual,,,low,neutral
citricacid,manual,,,low,neutral
"dipotassium glycyrrhizate,panthenol",manual,"pigmentation,sensitive","soothing, brightening",high,good
ci 14700 red 4,manual,,,low,neutral
pore-blocking petrochemicals,manual,normal,color,medium,neutral
galbanum resin oil,manual,dry,emollient,low,good
betaglucan,manual,,,low,neutral
lavendula angustifolia flower water,manual,"dry,sensitive",botanical,low,good
salix alba bark extract salix alba bark extract,manual,wrinkle,antioxidant,low,good
heptapeptide-15 palmitate,manual,wrinkle,signal peptide,medium,good
hydroxyethyl cellulose,manual,,,low,neutral
synthetic chelating agents,manual,,,low,neutral
aloe barbadensisflower extract,manual,"dry,sensitive","soothing, hydrating",high,good
phytosteryl behenyl octyldodecyl lauroyl glutamate,manual,,,low,neutral
menyanthes trifoliata flower extract,manual,"dry,sensitive",botanical,low,good
tropaeolum majus flower leaf stem extract,manual,normal,botanical extract,low,good
amaranthus squalane oil,manual,"dry,oily",light emollient,high,good
nepeta cataria extract+,manual,,,low,neutral
vaccinum macrocarpon fruit extract,manual,"pigmentation,wrinkle",vitamin/antioxidant,low,good
ethylene propylene copolymer,manual,normal,formulation,low,neutral
synthetic colors,manual,,,low,neutral
rosmarinus o_cinalis leaf extract,manual,"dry,wrinkle",botanical extract,low,good
cedrus atlantica wood oil,manual,dry,emollient,low,good
c12-15 alkyl lactate,manual,,,low,neutral
goat milk powder,manual,,,low,neutral
orange peel oil,manual,dry,emollient,low,good
amines,manual,,,low,neutral
pseudozyma epicola camellia sinensis seed oil glucose glycine soja meal malt extract yeast extract ferment filtrate,manual,dry,emollient,medium,good
helianthus annuus seed oil unsaponifiables,manual,dry,emollient,medium,good
moringa pterygosperma seed oil,manual,dry,emollient,medium,good
organic medicago sativa extract,manual,normal,botanical extract,low,good
gluconolacctone,manual,,,low,neutral
nitrates,manual,,,low,neutral
l-alanyl-l-glutamine,manual,,,low,neutral
zinc oxide 40%water,manual,"oily,sensitive","soothing, oil control",medium,good
citrus aurantium amara peel oil,manual,dry,emollient,low,good
styrene copolymer,manual,normal,formulation,low,neutral
"corallina officinalis extract,silica",manual,,,low,neutral
va butyl maleate isobornyl acrylate copolymer,manual,normal,formulation,low,neutral
averrhoa carambola leaf extract,manual,"dry,wrinkle",botanical extract,low,good
simmondsia chineses seed oil,manual,dry,emollient,medium,good
acrylic acid vp crosspolymer,manual,normal,formulation,low,neutral
methyl gluceth-¬‐20,manual,,,low,neutral
nitriles,manual,,,low,neutral
acrylates c10-c30 alkyl acrylate crosspolymer,manual,normal,formulation,low,neutral
[+ -: titanium dioxide,manual,normal,UV/color,high,neutral
stearoxymethicone dimethicone copolymer,manual,normal,formulation,low,neutral
extract,manual,normal,botanical extract,low,good
ocium basilicum extract,manual,normal,botanical extract,low,good
peg-40 hydroge- nated castor oil,manual,normal,formulation,low,neutral
saccharomyces viscum album ferment extract,manual,"pigmentation,wrinkle",ferment/probiotic,medium,good
matricaria flower extract,manual,"dry,sensitive",botanical,low,good
sodium lactate urea,manual,dry,humectant,high,good
witch hazel leaf extract,manual,"oily,sensitive","astringent, soothing",high,good
visit the nars boutique,,,,low,neutral
illicium verum fruit extract,manual,"pigmentation,wrinkle",vitamin/antioxidant,low,good
polymethylsilsequioxane,manual,,,low,neutral
polyquaternium,manual,,,low,neutral
stellaria media extract+,manual,,,low,neutral
ci77499),manual,,,low,neutral
hydrolyzed myrtus communis leaf extract,manual,"dry,wrinkle",botanical extract,low,good
octisalate 5%,manual,,,low,neutral
water; rosa damascena flower water,manual,normal,solvent/base,high,neutral
propylene glycol dioctanoate,manual,,,low,neutral
rosmarinusofficinalis leaf oil,manual,dry,emollient,low,good
saccharomyces imperata cylindrica root ferment extract,manual,"pigmentation,wrinkle",ferment/probiotic,medium,good
coriander seed oil,manual,dry,emollient,medium,good
mixed tocopherols,manual,"dry,wrinkle",antioxidant,high,good
oleth-3,manual,,,low,neutral
palmitoyl hexapeptide-52,manual,wrinkle,signal peptide,medium,good
egg yolk extract extrait de jaune d'oeuf,manual,,,low,neutral
vaccinium myrtillus fruit,manual,,,low,neutral
kigelia,manual,,,low,neutral
beeswax cire d'abeille,manual,dry,emollient/barrier,low,good
methyl glucoside phosphate proline lysine copper complex,manual,,,low,neutral
peg ppg-19 19 dimethicone,manual,normal,formulation,low,neutral
sodium isethionate,manual,,,low,neutral
methoxy peg-114 polyepsilon caprolactone,manual,normal,formulation,low,neutral
fluor,manual,,,low,neutral
hedychium coronarium root extract,manual,"sensitive,wrinkle",botanical,low,good
hydrolyzed corn protein,manual,,,low,neutral
saponaria officinalis leaf root extract,manual,"sensitive,wrinkle",botanical,low,good
3-0-ethyl ascorbic acid,manual,"pigmentation,wrinkle","antioxidant, brightening",high,good
opuntia ficus-indica callus culture extract,manual,normal,botanical extract,low,good
oat kernel flour,manual,,,low,neutral
rye seed extract,manual,"dry,wrinkle",botanical,low,good
caprylohydroxamic acid,manual,,,low,neutral
olive oil unsaponifiables,manual,dry,emollient,medium,good
dimethicone phenyl vinyl dimethicone crosspolymer,manual,normal,formulation,low,neutral
visit the olehenriksen boutique,,,,low,neutral
ethylene,manual,,,low,neutral
acrylates stearyl acrylate dimethicone methacrylate copolymer,manual,normal,formulation,low,neutral
pseudozyma epicola argania spinosa kernel oil ferment filtrate,manual,dry,emollient,medium,good
phe-noxyethanol,manual,,,low,neutral
myrothamnus flabellifolia leaf stem extract,manual,normal,botanical extract,low,good
rubus fruticosus seed oil,manual,dry,emollient,medium,good
"sodium stearoyl glutamate,trideceth-10",manual,,,low,neutral
octisalate 20%,manual,,,low,neutral
polyphenylsilsesquioxane trimethylsiloxysilicate,manual,,,low,neutral
polydecene,manual,,,low,neutral
lysine hcl,manual,,,low,neutral
indigofera tinctoria leaf extract,manual,"dry,wrinkle",botanical extract,low,good
simmondsia chinesis seed oil,manual,dry,emollient,medium,good
paba,manual,,,low,neutral
cucumis sativus seed oil,manual,dry,emollient,medium,good
vitis vinifera extract,manual,normal,botanical extract,low,good
titanium dioxide 63%,manual,normal,UV/color,high,neutral
poloxamer,manual,,,low,neutral
phytosteryl isostearyl cetyl stearyl behenyl dimer dilinoleate,manual,,,low,neutral
water hyacinth ferment,manual,normal,solvent/base,high,neutral
aspergillus hydrolyzed prunus mume seed ferment extract,manual,"pigmentation,wrinkle",ferment/probiotic,medium,good
butylphenyl methylpropional *plant origin,manual,,,low,neutral
octocrylene 270%,manual,,,low,neutral
hordeum vulgare extract\extrait d'orge,manual,,,low,neutral
dimethicone vinyltrimethylsiloxysilicate crosspolymer,manual,normal,formulation,low,neutral
100% natural fragrance,manual,sensitive,fragrance; may irritate,high,avoid
tanacetum annuum leaf oil,manual,dry,emollient,low,good
organic aloe barbadensis leaf extract,manual,"dry,sensitive","soothing, hydrating",high,good
phosphatidycholine,manual,,,low,neutral
acetyl tetrapeptide-2,manual,wrinkle,signal peptide,medium,good
commiphora myrrha oil,manual,dry,humectant,high,good
enteromorphacompressa extract,manual,normal,botanical extract,low,good
nitrosamine releasers,manual,,,low,neutral
and revitalizes dull and dark skin step 01 super booster: cetyl ethylhexanoate,manual,,,low,neutral
betaine tocopheryl acetate ascorbic acid,manual,"pigmentation,wrinkle","antioxidant, brightening",high,good
peg's,manual,,,low,neutral
"peg-60 hydrogenated castor oil,cetyl ethylhexanoate",manual,normal,formulation,low,neutral
-vitamin c : brightens the look of skin tone and texture -sea buckthorn fruit extract: is rich in vitamins to help provide an antioxidant effect and brighten skin tone -grapefruit extract: smooths,manual,"dry,wrinkle","omega, vitamin",high,good
polysorbate20,manual,,,low,neutral
phenoxyethanol * essential oil** organic sucrose please be aware that ingredient lists may change or vary from time to time� please refer to the ingredient list on the product package you receive for the most up to date list of ingredients,manual,normal,preservative,medium,neutral
peg-7 glycerylcocoate,manual,normal,formulation,low,neutral
melissa officinalis flower leaf stem water,manual,,,low,neutral
commiphora myrrha resin extract,manual,dry,humectant,high,good
onsen-sui,manual,,,low,neutral
sodium methyl stearoyl taurate,manual,,,low,neutral
helianthus,manual,,,low,neutral
calendula officinalis flower extract+,manual,"dry,sensitive",soothing,medium,good
equisetum arvense extract,manual,normal,botanical extract,low,good
ginseng extract,manual,normal,botanical extract,low,good
beta glucan,manual,,,low,neutral
ganoderma lucidum salix gracilistyla stem ferment extract filtrate,manual,"pigmentation,wrinkle",ferment/probiotic,medium,good
peucedanum japonicum leaf stem extract,manual,normal,botanical extract,low,good
elettaria cardamomum seed extract,manual,"dry,wrinkle",botanical,low,good
planktonextract,manual,normal,botanical extract,low,good
soybean oil,manual,dry,emollient,low,good
peg- 100 stearate,manual,normal,formulation,low,neutral
lactobacillus soybean extract ferment filtrate,manual,"pigmentation,wrinkle",ferment/probiotic,medium,good
octisalate 500%water,manual,,,low,neutral
ocimum sanctumleaf extract,manual,"dry,wrinkle",botanical extract,low,good
zantedeschia aethiopica flower stem extract,manual,normal,botanical extract,low,good
acrylates,manual,normal,formulation,low,neutral
chamomilla recutita flower leaf extract,manual,"dry,sensitive","soothing, anti-inflammatory",high,good
methylpropional,manual,,,low,neutral
styrax benzoin gum,manual,normal,thickener,low,neutral
iron oxides (ci 77489,manual,normal,color,high,neutral
coffea arabica extract,manual,"oily,wrinkle",antioxidant,medium,good
vinyl,manual,,,low,neutral
ci 77492 *pitera,manual,normal,color,high,neutral
and other synthetic sunscreens,manual,,,low,neutral
water; salvia officinalis leaf water,manual,normal,solvent/base,high,neutral
marine algae plasma,manual,,,low,neutral
sugar maple extract,manual,normal,botanical extract,low,good
organic spinacia oleracea leaf extract,manual,"dry,wrinkle",botanical extract,low,good
mineral oil paraffinum liquidum huile minerale,manual,dry,emollient,low,good
monarda didyma leaf extract 8%,manual,"dry,wrinkle",botanical extract,low,good
saccharomyces barley seed ferment filtrate,manual,"pigmentation,wrinkle",ferment/probiotic,medium,good
vegetable oil,manual,dry,emollient,low,good
ren products do not contain potential irritants including: glycols and diglycols,manual,,,low,neutral
alkanolamines,manual,,,low,neutral
water *certified organic,manual,normal,solvent/base,high,neutral
and biodefine polymers): delivers tighter-looking skin -lunarlift: tones and tightens the appearance of skin with soy isoflavone liposome red algae extract -cosmiplexion (icelandic kelp,manual,"dry,wrinkle","minerals, hydration",low,good
butyleneglycol,manual,,,low,neutral
avena sativa kernel extract+,manual,"dry,sensitive","soothing, moisturizing",high,good
acrylates stearyl methacrylate copolymer,manual,normal,formulation,low,neutral
propanediol dicaprylate caprate,manual,,,low,neutral
milk thistle extract,manual,normal,botanical extract,low,good
euterpe oleracea annuus seed extract,manual,"dry,wrinkle",botanical,low,good
opuntia ficus-indica fruit extract,manual,"pigmentation,wrinkle",vitamin/antioxidant,low,good
trametes versicolor extract,manual,normal,botanical extract,low,good
tetrahexydecyl ascorbate,manual,"pigmentation,wrinkle","antioxidant, brightening",high,good
octyldoecanol,manual,,,low,neutral
ci 77499) please be aware that ingredient lists may change or vary from time to time� please refer to the ingredient list on the product package you receive for the most up to date list of ingredients,,,,low,neutral
organic chamomilla recutita flower extract,manual,"dry,sensitive","soothing, anti-inflammatory",high,good
amino-esters-1,manual,dry,emollient,low,good
acrylates c10-30 alkyl acrylate copolymer,manual,normal,formulation,low,neutral
vine resveratrol,manual,wrinkle,antioxidant,high,good
potassiumchloride,manual,,,low,neutral
bis-hea polycaprolactone diol hdi copolymer,manual,normal,formulation,low,neutral
citrus aurantium dulcis flower oil,manual,dry,emollient,low,good
eclipta prostrata leaf extract,manual,"dry,wrinkle",botanical extract,low,good
morus alba bark extract,manual,pigmentation,brightening,medium,good
alchemilla vulgaris leaf extract+,manual,"dry,wrinkle",botanical extract,low,good
astrocaryum murumuru butter,manual,dry,emollient,low,good
yeast extract\faex\extrait de levure,manual,wrinkle,yeast,medium,good
leucidal,manual,,,low,neutral
calcium threonate,manual,normal,mineral,low,neutral
marrubium vulgare extract,manual,normal,botanical extract,low,good
acrylates ammonium methacrylate copolymer,manual,normal,formulation,low,neutral
capric triglycerides,manual,,,low,neutral
litichi chinensis seed extract,manual,"dry,wrinkle",botanical,low,good
ethylhexyglycerin,manual,"dry,normal",humectant,high,good
organic camellia sinensis leaf extract,manual,"oily,wrinkle",antioxidant,high,good
carbomer sodium polyacrylate,manual,normal,formulation,low,neutral
morus alba leaf extract,manual,pigmentation,brightening,medium,good
ci 77492 *pitera™,manual,normal,color,high,neutral
ammonium polyacryldimethyltauramide ammonium polyacryloyldimethyl taurate,manual,,,low,neutral
grape fruit extract,manual,"pigmentation,wrinkle",vitamin/antioxidant,low,good
orange fruit water,manual,,,low,neutral
c10-30 alkyl acrylate crosspolymer,manual,normal,formulation,low,neutral
paraffinum liquidum mineral oil huile minerale,manual,dry,emollient,low,good
tilia cordata flower extract,manual,"dry,sensitive",botanical,low,good
mel honey,manual,"dry,sensitive","humectant, soothing",medium,good
hedera helix leaf stem extract,manual,normal,botanical extract,low,good
basil oil,manual,dry,emollient,low,good
moringa oil hydrogenated moringa oil esters,manual,dry,emollient,low,good
hadasei-3,manual,,,low,neutral
rubus idaeus leaf extract+,manual,"dry,wrinkle",botanical extract,low,good
pulsatilla koreana extract,manual,normal,botanical extract,low,good
lavandula augustifolia flower water,manual,sensitive,soothing (can irritate some),medium,good
cananga odorata oil,manual,dry,emollient,low,good
caramel color,manual,"dry,sensitive","humectant, soothing",medium,good
c13-14isoparaffin,manual,,,low,neutral
solum diatomeae diatomaceous earth terre de diatomees,manual,,,low,neutral
abies sibirica oil,manual,dry,emollient,low,good
hydrogenated olive oil unsaponifiables,manual,dry,emollient,medium,good
saccharomyces potato extract ferment filtrate,manual,"pigmentation,wrinkle",ferment/probiotic,medium,good
visit the kiehl's since 1851 boutique,,,,low,neutral
organic spirulina platensis extract,manual,normal,botanical extract,low,good
aqua (water,manual,normal,solvent/base,high,neutral
citrus aurantifolia flower galium aparine extract,manual,normal,botanical extract,low,good
bis-vinyl dimethicone dimethicone copolymer,manual,normal,formulation,low,neutral
fumaria officinalis flower leaf stem extract,manual,normal,botanical extract,low,good
brassica campestris sterols,manual,,,low,neutral
carrageenan extract,manual,normal,botanical extract,low,good
simmondsia chinensis oil,manual,"dry,oily",balancing oil,high,good
citrus aurantium dulcis oil** lavandula angustifolia oil,manual,sensitive,soothing (can irritate some),medium,good
citrus aurantuim dulcis fruit extract,manual,"pigmentation,wrinkle",vitamin/antioxidant,low,good
citric acid* * plant origin,manual,normal,pH/chelator,low,neutral
ppgs,manual,,,low,neutral
hydrolyzed opuntia ficus indica flower extract,manual,"dry,sensitive",botanical,low,good
bellis perennis flower helichrysum italicum extract,manual,normal,botanical extract,low,good
l lactic acid,manual,"dry,wrinkle",gentle exfoliant,high,good
sulfate detergents,manual,,,low,neutral
visit the too cool for school boutique,,,,low,neutral
soybean sterols,manual,,,low,neutral
organic glycerin,manual,"dry,normal",humectant,high,good
cedrus atlantica bark oil,manual,dry,emollient,low,good
certified organic,manual,,,low,neutral
ethylhexylglycerin glycerin,manual,"dry,normal",humectant,high,good
orange fruit extract,manual,"pigmentation,wrinkle",vitamin/antioxidant,low,good
rose centifolia flower water,manual,"dry,sensitive",botanical,low,good
lonicera japonica flower extract flower),manual,"dry,sensitive",botanical,low,good
picea abies extract,manual,normal,botanical extract,low,good
fragrance++,manual,sensitive,fragrance; may irritate,high,avoid
aloe yohjyu matsu ekisu,manual,,,low,neutral
cire microcristalline,manual,,,low,neutral
fuscoporia obliqua extract,manual,normal,botanical extract,low,good
elastomer,manual,,,low,neutral
sodium caproyl lauroyl lactylate,manual,,,low,neutral
chamomile recutita flower oil,manual,"dry,sensitive","soothing, anti-inflammatory",high,good
octocrylene 28%water,manual,,,low,neutral
grape-seed polyphenols,manual,,,low,neutral
organic goji berry extract,manual,normal,botanical extract,low,good
dispacus sylvestris extract,manual,normal,botanical extract,low,good
"sd alcohol 40-b,glycerin,dipropylene glycol,dimethicone,ethylhexyl palmitate,polybutylene glycol ppg-9 1 copolymer,silica,trehalose,betaine,glycyl glycine,lauryl betaine,paeonia albiflora root extract,hamamelis virginiana leaf extract,lamium album flower extract,citrus junos seed extract,zingiber aromaticus extract,peg-20 glyceryl isostearate,triisostearin,triethanolamine,isostearic acid,alcohol,butylene glycol,carbomer,batyl alcohol,behenyl alcohol,acrylates c10-30 alkyl acrylate crosspolymer,trisodium edta,sodium metabisulfite,bht,phenoxyethanol,sodium benzoate,benzoic acid,fragrance,titanium dioxide,mica",manual,sensitive,fragrance; may irritate,high,avoid
gly- cerin,manual,,,low,neutral
evening primrose oil simmondsia chinensis oil,manual,"dry,oily",balancing oil,high,good
hamamelis virginiana bark leaf twig extract,manual,"oily,sensitive","astringent, soothing",high,good
"sodium benzoate virgin marula luxury facial oil: sclerocarya birrea seed oillala retro™whipped creamwater,glycerin",manual,dry,emollient,medium,good
glycine sojo oil,manual,dry,emollient,low,good
aden- osine,manual,,,low,neutral
peach fruit extract,manual,"pigmentation,wrinkle",vitamin/antioxidant,low,good
cymbopogan schoenanthus oil,manual,dry,emollient,low,good
organic sucrose,manual,,,low,neutral
ppg-3 caprylyl ether,manual,normal,formulation,low,neutral
titanium dioxide 170%water,manual,normal,UV/color,high,neutral
lactobacillis,manual,,,low,neutral
ceteareth–20,manual,,,low,neutral
acrylic acid acrylamidomethyl propane sulfonic acid copolymer,manual,normal,formulation,low,neutral
behenylalcohol,manual,,,low,neutral
darutoside* *plant origin,manual,,,low,neutral
"caprylyl glycol,acrylates c10-30 alkyl acrylate crosspolymer",manual,normal,formulation,low,neutral
cardiospermum halicacabum flower leaf vine extract,manual,normal,botanical extract,low,good
linalool* *100% natural fragrance 100% natural,manual,sensitive,fragrance; may irritate,high,avoid
water squalane,manual,normal,solvent/base,high,neutral
camellia sinensis callus culture conditioned media,manual,"oily,wrinkle",antioxidant,high,good
citronella oil,manual,dry,emollient,low,good
titanium oxide,manual,,,low,neutral
ocimum tenuiflorum,manual,,,low,neutral
porphyrid-ium cruentum extract,manual,normal,botanical extract,low,good
tanecetum annuum oil,manual,dry,emollient,low,good
jojobaesters,manual,"dry,oily",balancing oil,high,good
blue no 1,manual,,,low,neutral
centella extract,manual,"sensitive,wrinkle","soothing, barrier",high,good
triethanolamine chlorphenesin,manual,,,low,neutral
cucumber fruit extract curcuma longa extract,manual,"dry,sensitive","soothing, hydrating",medium,good
and refines skin texture -natural bioretinols : harness the power of retinol compounds to help minimize the signs of aging -advanced hydrafill™ complex (pfc-oxygen carriers,manual,wrinkle,cell turnover,high,good
stearyl,manual,,,low,neutral
helianthus annus seed oil,manual,dry,emollient,medium,good
betain,manual,,,low,neutral
castanea sativa bark,manual,,,low,neutral
eugenol* *plant origin,manual,,,low,neutral
oxybenzone 300%,manual,,,low,neutral
titanium dioxide * essential oil out of trouble™ 10 minute mask: water,manual,normal,UV/color,high,neutral
sodiumascorbylphosphate,manual,"pigmentation,wrinkle","antioxidant, brightening",high,good
zinc palmitoyl nonapeptide-14,manual,wrinkle,signal peptide,medium,good
fish collagen,manual,,,low,neutral
undaria pinnatifda extract,manual,normal,botanical extract,low,good
sodium hydrozide,manual,,,low,neutral
"xanthan gum,acrylates c10-30 alkyl acrylate cross-polymer",manual,normal,formulation,low,neutral
san- talum album oil,manual,dry,emollient,low,good
opuntia tuna fruit extract,manual,"pigmentation,wrinkle",vitamin/antioxidant,low,good
ydrolyzed collagen,manual,,,low,neutral
ceramide-3,manual,,,low,neutral
frgrance,manual,,,low,neutral
tamarindus indica extract,manual,normal,botanical extract,low,good
and healthier look water,manual,,,low,neutral
and it has been known to treat and heal dry or damaged skin,manual,,,low,neutral
safflower glyceride palm oil aminopropanediol esters,manual,dry,emollient,low,good
polyglyceryl-3 esters,manual,dry,emollient,low,good
calendula officinalis flower extract*+,manual,"dry,sensitive",soothing,medium,good
bismuth oxychloride #glittermask gravitymud™ firming treatment: -teaoxi® complex : creates a firmer-looking complexion -vizitight (firming matrix,manual,,,low,neutral
peony root extract,manual,"sensitive,wrinkle",botanical,low,good
hdi copolymer bis-decyltetradeceth-20 ether,manual,normal,formulation,low,neutral
thiocticacid,manual,,,low,neutral
crocus sativus stigma extract,manual,normal,botanical extract,low,good
and nourishing akita rice is combined with hyaluronic acid to soften,manual,dry,humectant,high,good
gold leaf,manual,,,low,neutral
isodecyl neopentanoate diisopropyl sebacate,manual,,,low,neutral
-hyaluronic acid -red algae,manual,dry,humectant,high,good
calendula officinalis flower,manual,"dry,sensitive",soothing,medium,good
prunus armenaica seed powder,manual,,,low,neutral
lactic acid glycolic acid copolymer,manual,"oily,wrinkle",exfoliant,high,good
buriti oil,manual,dry,emollient,low,good
sabucus nigra fruit extract,manual,"pigmentation,wrinkle",vitamin/antioxidant,low,good
